backbone,display,concept,lang,lang_name,low_resource,iou_cluster_mask,iou_thresh_0.15,iou_thresh_0.20,iou_thresh_0.25,iou_pct_90,iou_pct_95,iou_pct_99,spearman,pearson,peak_ref,peak_lang,mean_ref,mean_lang,peak_ratio_lang_over_ref,n_clusters_ref,n_clusters_lang,center_dist_symmetric,n_samples,family
dense_clip_xlmr_base,XLM-R base + ViT-B/32,car,ar,Arabic,True,0.5777124407293122,0.8889644353097115,0.518902154263962,0.722941082481047,0.4445380738387536,0.3831745673520356,0.2965263284212776,0.8764306161491652,0.8898245751857757,0.23267697060392017,0.24083264824889955,0.17782769557975586,0.17808388095526467,1.0361144772092368,5.095238095238095,4.4,34.71024526665729,210.0,Semitic
dense_clip_xlmr_base,XLM-R base + ViT-B/32,car,ca,Catalan,False,0.6110152118411496,0.5227416381297378,0.09979284097595714,0.8985912213296077,0.47650555357100405,0.42761257835043137,0.3778729664955691,0.9049058769431643,0.9164589782555898,0.23267697060392017,0.2099605626293591,0.17782769557975586,0.1453114288903418,0.9028975632334642,5.095238095238095,5.309523809523809,28.479736767021503,210.0,Romance
dense_clip_xlmr_base,XLM-R base + ViT-B/32,car,de,German,False,0.6672330950090256,0.6829437163092584,0.22871206864802035,0.8902489356796637,0.5389484986875256,0.4856324067787289,0.416757240413033,0.9301114385470021,0.9375483816578275,0.23267697060392017,0.21863289929571605,0.17782769557975586,0.15619330501982143,0.9399897217138424,5.095238095238095,5.195238095238095,24.918642495332115,210.0,Germanic
dense_clip_xlmr_base,XLM-R base + ViT-B/32,car,en,English,False,1.0,1.0,1.0,1.0,1.0,1.0,1.0,1.0,0.999999954870769,0.23267697060392017,0.23267697060392017,0.17782769557975586,0.17782769557975586,1.0,5.095238095238095,5.095238095238095,0.0,210.0,Germanic
dense_clip_xlmr_base,XLM-R base + ViT-B/32,car,es,Spanish,False,0.6563828642362098,0.5975222685485192,0.12004744382704893,0.8904761904761904,0.5213839262849012,0.4695144459219713,0.42131737313885365,0.9256264684040499,0.9346230963865916,0.23267697060392017,0.21116283386945725,0.17782769557975586,0.15027179664799145,0.9078117514564344,5.095238095238095,5.247619047619048,24.937926889100883,210.0,Romance
dense_clip_xlmr_base,XLM-R base + ViT-B/32,car,eu,Basque,True,0.6214798307725221,0.713442379138515,0.15598956588002785,0.8952380952380953,0.4932602986166852,0.4348060520279187,0.3565637023290751,0.8814363057732554,0.8940538395018804,0.23267697060392017,0.210577802218142,0.17782769557975586,0.15772824840886251,0.905347104848144,5.095238095238095,5.595238095238095,27.803806562143084,210.0,Isolate
dense_clip_xlmr_base,XLM-R base + ViT-B/32,car,fr,French,False,0.6711509573086107,0.6886468103256727,0.18477647342056724,0.8904761904761904,0.5523806705791615,0.5034873904998244,0.42899440959628005,0.9279561890054152,0.9354267018181938,0.23267697060392017,0.21567812945161546,0.17782769557975586,0.15595107192084903,0.9271477784441126,5.095238095238095,5.266666666666667,25.686748627976904,210.0,Romance
dense_clip_xlmr_base,XLM-R base + ViT-B/32,car,it,Italian,False,0.6713611838879464,0.6887024006112553,0.2033438883708133,0.8904761904761904,0.5458926600593033,0.49045430683586794,0.42423519776219654,0.9289567820951369,0.9355918058327266,0.23267697060392017,0.21577086186125166,0.17782769557975586,0.15634856504343805,0.9276862024249546,5.095238095238095,5.219047619047619,24.345404462737896,210.0,Romance
dense_clip_xlmr_base,XLM-R base + ViT-B/32,car,lb,Luxembourgish,True,0.6180573006140194,0.9083042095631185,0.5500250126548134,0.8519623553717192,0.48171533304370157,0.41335584998569663,0.31584700563775536,0.885607973118483,0.8946312217485337,0.23267697060392017,0.23182520965735118,0.17782769557975586,0.18056283642848334,0.9974441930626304,5.095238095238095,5.085714285714285,29.551447062631844,210.0,Germanic
dense_clip_xlmr_base,XLM-R base + ViT-B/32,car,pt,Portuguese,False,0.6737267627906528,0.7285277942665769,0.23404497410818695,0.8857142857142857,0.539720522030076,0.48465987781311215,0.4340149427299294,0.9244397411339881,0.9321400415329706,0.23267697060392017,0.21745549454575494,0.17782769557975586,0.15897494813516028,0.9347814653928143,5.095238095238095,5.29047619047619,24.188045772440724,210.0,Romance
dense_clip_xlmr_base,XLM-R base + ViT-B/32,car,ru,Russian,False,0.5959849876146353,0.674456445466061,0.2001702458307281,0.8904761904761904,0.4580647492480422,0.3832628455805675,0.2795320537692958,0.8730035309081867,0.8820236504077912,0.23267697060392017,0.21638026464553106,0.17782769557975586,0.15541025279533296,0.9309874318816573,5.095238095238095,4.980952380952381,33.45491104985617,210.0,Slavic
dense_clip_xlmr_base,XLM-R base + ViT-B/32,car,zh-CN,Chinese (Simp.),False,0.5684019184376383,0.8100414982819524,0.42905336957485063,0.8033106480117527,0.4164756376043594,0.36279205595519104,0.32466121700026795,0.8738280553878391,0.8870359480381012,0.23267697060392017,0.2354822725057602,0.17782769557975586,0.1672730697407609,1.0126014512782953,5.095238095238095,4.514285714285714,32.55450962799598,210.0,Sinitic
dense_clip_xlmr_base,XLM-R base + ViT-B/32,car,zh-TW,Chinese (Trad.),False,0.5816262093435015,0.7754249560193603,0.351578814734476,0.8796921940766818,0.43468025606869215,0.39581549585333275,0.35328184316426287,0.8818768802568919,0.8944410417761122,0.23267697060392017,0.22837336212396622,0.17782769557975586,0.16339785240235782,0.9818389170335232,5.095238095238095,4.8238095238095235,29.252950120829336,210.0,Sinitic
dense_clip_xlmr_base,XLM-R base + ViT-B/32,truck,ar,Arabic,True,0.5360157034105895,0.7288122891882535,0.30022353924204676,0.9857142857142858,0.4201665507154698,0.35481705742845016,0.28781887397588035,0.8204613067673953,0.8388072462308974,0.21668683957485926,0.21471711822918482,0.16552607935099375,0.15570615778366725,0.9915358513217023,5.433333333333334,4.985714285714286,34.24063152773566,210.0,Semitic
dense_clip_xlmr_base,XLM-R base + ViT-B/32,truck,ca,Catalan,False,0.6301982256884271,0.5520947702368063,0.14186270766274994,0.9904761904761905,0.5108792834293957,0.4571837058716232,0.3691757701469529,0.8968370510112074,0.9060087519032615,0.21668683957485926,0.19969676924603327,0.16552607935099375,0.1442832099539893,0.9219395165172446,5.433333333333334,5.619047619047619,26.08354179168227,210.0,Romance
dense_clip_xlmr_base,XLM-R base + ViT-B/32,truck,de,German,False,0.6096672862607331,0.5399272042363312,0.17576457538002668,0.9904761904761905,0.4996387662778382,0.43584632653828453,0.3498522955209242,0.8790336516632006,0.892916940223603,0.21668683957485926,0.20361172606547673,0.16552607935099375,0.1437513088186582,0.940035878634296,5.433333333333334,5.4904761904761905,28.45610995604737,210.0,Germanic
dense_clip_xlmr_base,XLM-R base + ViT-B/32,truck,en,English,False,1.0,1.0,1.0,1.0,1.0,1.0,1.0,1.0,0.999999950897126,0.21668683957485926,0.21668683957485926,0.16552607935099375,0.16552607935099375,1.0,5.433333333333334,5.433333333333334,0.0,210.0,Germanic
dense_clip_xlmr_base,XLM-R base + ViT-B/32,truck,es,Spanish,False,0.6045133174537793,0.5058974536557116,0.12191328973884447,0.9904761904761905,0.4807203983408912,0.426332464750329,0.3263699721190427,0.8834433287941413,0.8930894434452057,0.21668683957485926,0.1981394071664129,0.16552607935099375,0.1418738357722759,0.9148414647667497,5.433333333333334,5.6380952380952385,27.182902520607787,210.0,Romance
dense_clip_xlmr_base,XLM-R base + ViT-B/32,truck,eu,Basque,True,0.44527050980621086,0.13052445529283807,0.06666961843129618,0.9904761904761905,0.3073598243536093,0.23655070256158753,0.1395918906457691,0.7285746662529441,0.7481671489420392,0.21668683957485926,0.17376413983958108,0.16552607935099375,0.11873532200143451,0.8024182547498345,5.433333333333334,5.847619047619047,36.58043735986547,210.0,Isolate
dense_clip_xlmr_base,XLM-R base + ViT-B/32,truck,fr,French,False,0.6526965361290441,0.6187732175062605,0.1748550400197837,0.9904761904761905,0.5417721527443995,0.49079212376536685,0.4039045701258533,0.9078101701408703,0.9174072634606134,0.21668683957485926,0.20212544287954057,0.16552607935099375,0.14779446501107443,0.9331734039840575,5.433333333333334,5.495238095238095,25.522708759221928,210.0,Romance
dense_clip_xlmr_base,XLM-R base + ViT-B/32,truck,it,Italian,False,0.6526965361290441,0.6187732175062605,0.1748550400197837,0.9904761904761905,0.5417721527443995,0.49079212376536685,0.4039045701258533,0.9078101701408703,0.9174072634606134,0.21668683957485926,0.20212544287954057,0.16552607935099375,0.14779446501107443,0.9331734039840575,5.433333333333334,5.495238095238095,25.522708759221928,210.0,Romance
dense_clip_xlmr_base,XLM-R base + ViT-B/32,truck,lb,Luxembourgish,True,0.569358248027804,0.6859562311026695,0.172257541009894,0.9904761904761905,0.4366018772635549,0.3624248261175435,0.27024966324634253,0.8426948900947937,0.8560782926423209,0.21668683957485926,0.20504024880273,0.16552607935099375,0.15243183913685027,0.9471785995809238,5.433333333333334,5.4714285714285715,32.826576313803784,210.0,Germanic
dense_clip_xlmr_base,XLM-R base + ViT-B/32,truck,pt,Portuguese,False,0.6205259113180089,0.6009931836475656,0.15957656359493086,0.9904761904761905,0.4963317656377228,0.4322113514343123,0.3400731493819575,0.8838380692001003,0.8930779354912894,0.21668683957485926,0.2028364741376468,0.16552607935099375,0.14666479467636062,0.9366005444499285,5.433333333333334,5.457142857142857,28.187231522181268,210.0,Romance
dense_clip_xlmr_base,XLM-R base + ViT-B/32,truck,ru,Russian,False,0.5740387208777182,0.5594604485987765,0.1383978671333888,0.9904761904761905,0.4525618232948715,0.3819796288562486,0.3138603407832608,0.8460256091927276,0.8588851152431397,0.21668683957485926,0.20056694320269994,0.16552607935099375,0.14401125808556875,0.9262919122237836,5.433333333333334,5.309523809523809,31.9660137346473,210.0,Slavic
dense_clip_xlmr_base,XLM-R base + ViT-B/32,truck,zh-CN,Chinese (Simp.),False,0.5183904635023088,0.7554391449846474,0.2860250225760309,0.9238095238095239,0.38426931948738713,0.3140316837907572,0.23411576343988436,0.8197789628263935,0.8352175296772094,0.21668683957485926,0.2238262599422818,0.16552607935099375,0.15878516158887318,1.033839586866676,5.433333333333334,4.814285714285714,35.30468428111503,210.0,Sinitic
dense_clip_xlmr_base,XLM-R base + ViT-B/32,truck,zh-TW,Chinese (Trad.),False,0.5375568383615995,0.672366659680547,0.27153750386464226,0.9857142857142858,0.41404789787972185,0.3425479888071167,0.25971109081133026,0.8294776464000341,0.8445120537564867,0.21668683957485926,0.21528956648849307,0.16552607935099375,0.15169363759812854,0.9941464122536856,5.433333333333334,5.066666666666666,32.73517389410011,210.0,Sinitic
dense_clip_xlmr_base,XLM-R base + ViT-B/32,bus,ar,Arabic,True,0.5551783538089846,0.6944111354150864,0.36006964556190574,0.9952380952380953,0.4321177116418175,0.3770849891794833,0.32902081740319117,0.8343039441360618,0.8526477223350888,0.20331587954646066,0.20486222924221129,0.15241420893442062,0.14864025655246915,1.008663480602484,5.723809523809524,5.4904761904761905,29.791616980663857,210.0,Semitic
dense_clip_xlmr_base,XLM-R base + ViT-B/32,bus,ca,Catalan,False,0.636237819621779,0.42690173250924124,0.44743787484049097,1.0,0.542742339945665,0.47976427909245395,0.42219062725084455,0.9052622707465215,0.9155533319427853,0.20331587954646066,0.19050877598069962,0.15241420893442062,0.1337726704776287,0.9378820787321125,5.723809523809524,5.8428571428571425,23.814339665021972,210.0,Romance
dense_clip_xlmr_base,XLM-R base + ViT-B/32,bus,de,German,False,0.6810854211642858,0.6454321342036285,0.5222538193235207,1.0,0.594299241273692,0.5267221102247208,0.4440583752906806,0.917876627356387,0.9279419893310183,0.20331587954646066,0.19919596896285102,0.15241420893442062,0.14232732061119308,0.9801172900719975,5.723809523809524,5.6571428571428575,21.656788160056163,210.0,Germanic
dense_clip_xlmr_base,XLM-R base + ViT-B/32,bus,en,English,False,1.0,1.0,1.0,1.0,1.0,1.0,1.0,1.0,0.9999999560060955,0.20331587954646066,0.20331587954646066,0.15241420893442062,0.15241420893442062,1.0,5.723809523809524,5.723809523809524,0.0,210.0,Germanic
dense_clip_xlmr_base,XLM-R base + ViT-B/32,bus,es,Spanish,False,0.636237819621779,0.42690173250924124,0.44743787484049097,1.0,0.542742339945665,0.47976427909245395,0.42219062725084455,0.9052622707465215,0.9155533319427853,0.20331587954646066,0.19050877598069962,0.15241420893442062,0.1337726704776287,0.9378820787321125,5.723809523809524,5.8428571428571425,23.814339665021972,210.0,Romance
dense_clip_xlmr_base,XLM-R base + ViT-B/32,bus,eu,Basque,True,0.6304727770910734,0.5861185587768848,0.4790163012453451,1.0,0.5299772772492514,0.47373436682604086,0.39266237053390685,0.8882887518050837,0.8995687632333664,0.20331587954646066,0.19424998980192912,0.15241420893442062,0.14036370533562842,0.9560130490196671,5.723809523809524,5.6571428571428575,24.404412704719498,210.0,Isolate
dense_clip_xlmr_base,XLM-R base + ViT-B/32,bus,fr,French,False,0.6628228537410175,0.38747616366748494,0.44521289214227205,1.0,0.581142707214142,0.5090852782342166,0.4225451981553876,0.9125302731198084,0.9211116353670756,0.20331587954646066,0.18677100865613847,0.15241420893442062,0.1317841978654975,0.9193445147108069,5.723809523809524,5.604761904761904,22.382791472213007,210.0,Romance
dense_clip_xlmr_base,XLM-R base + ViT-B/32,bus,it,Italian,False,0.6628228537410175,0.38747616366748494,0.44521289214227205,1.0,0.581142707214142,0.5090852782342166,0.4225451981553876,0.9125302731198084,0.9211116353670756,0.20331587954646066,0.18677100865613847,0.15241420893442062,0.1317841978654975,0.9193445147108069,5.723809523809524,5.604761904761904,22.382791472213007,210.0,Romance
dense_clip_xlmr_base,XLM-R base + ViT-B/32,bus,lb,Luxembourgish,True,0.6423393743421868,0.768901161163717,0.4503707859453861,1.0,0.5296222907423156,0.4506448493624022,0.3534445858198654,0.8917147552393876,0.9020137017681485,0.20331587954646066,0.20245857331014816,0.15241420893442062,0.15224113244385945,0.9967826340310144,5.723809523809524,5.585714285714285,25.64666764553116,210.0,Germanic
dense_clip_xlmr_base,XLM-R base + ViT-B/32,bus,pt,Portuguese,False,0.6243345062076211,0.36720181812768354,0.4316619871895591,1.0,0.5234203559379551,0.4590013996152417,0.37653136527763564,0.8932438998397456,0.9050268953754789,0.20331587954646066,0.18606527525754202,0.15241420893442062,0.13156377658957527,0.9161969072197658,5.723809523809524,5.895238095238096,25.64376811877665,210.0,Romance
dense_clip_xlmr_base,XLM-R base + ViT-B/32,bus,ru,Russian,False,0.5510631059849925,0.5714253854904568,0.4140129568098694,1.0,0.4355826198100607,0.35995527206477385,0.27202346539571404,0.8121595094461376,0.8265944276537214,0.20331587954646066,0.19509422850041164,0.15241420893442062,0.14061624099101339,0.9609069791667262,5.723809523809524,5.4904761904761905,31.313576579625963,210.0,Slavic
dense_clip_xlmr_base,XLM-R base + ViT-B/32,bus,zh-CN,Chinese (Simp.),False,0.5356794317761299,0.6290424366086029,0.32164540829349236,1.0,0.40849653131216535,0.3389537509208954,0.25905662091495313,0.8171568947655411,0.8377663152558463,0.20331587954646066,0.20490559658833912,0.15241420893442062,0.14437963487136932,1.009348199655839,5.723809523809524,5.5,30.771206447075123,210.0,Sinitic
dense_clip_xlmr_base,XLM-R base + ViT-B/32,bus,zh-TW,Chinese (Trad.),False,0.5436588808621562,0.5322320310914931,0.37194876719954817,1.0,0.43077439624440406,0.3672922951790539,0.2742354323891481,0.8232275633309495,0.8410205947501319,0.20331587954646066,0.19930996866453263,0.15241420893442062,0.13818809578106517,0.9817477465855509,5.723809523809524,5.719047619047619,30.195094805025647,210.0,Sinitic
dense_clip_xlmr_base,XLM-R base + ViT-B/32,person,ar,Arabic,True,0.485976950332431,0.03958623316918465,0.8761904761904762,1.0,0.3994969380757433,0.3188463512253604,0.23014644019463648,0.7130345367865083,0.7371845270906175,0.15171874527420318,0.1850687412988572,0.10168593579104969,0.1282833420449779,1.2238951733306864,5.633333333333334,5.733333333333333,34.72827347870647,210.0,Semitic
dense_clip_xlmr_base,XLM-R base + ViT-B/32,person,ca,Catalan,False,0.6027447337798141,0.47350037030001574,1.0,1.0,0.5337143463677991,0.4644669962745538,0.36002621737438806,0.8541192333480037,0.8711296212105524,0.15171874527420318,0.14958469814487865,0.10168593579104969,0.09273149750771977,0.98751900183834,5.633333333333334,6.023809523809524,27.797247657754944,210.0,Romance
dense_clip_xlmr_base,XLM-R base + ViT-B/32,person,de,German,False,0.6003008674928768,0.5122585743681557,1.0,1.0,0.538077338840363,0.46223897457491236,0.3480681209748962,0.8646680859441954,0.879690120333717,0.15171874527420318,0.14412127782901127,0.10168593579104969,0.08818647304461116,0.9504312877167346,5.633333333333334,6.247619047619048,26.35139262034225,210.0,Germanic
dense_clip_xlmr_base,XLM-R base + ViT-B/32,person,en,English,False,1.0,1.0,1.0,1.0,1.0,1.0,1.0,1.0,0.99999996196656,0.15171874527420318,0.15171874527420318,0.10168593579104969,0.10168593579104969,1.0,5.633333333333334,5.633333333333334,0.0,210.0,Germanic
dense_clip_xlmr_base,XLM-R base + ViT-B/32,person,es,Spanish,False,0.6027447337798141,0.47350037030001574,1.0,1.0,0.5337143463677991,0.4644669962745538,0.36002621737438806,0.8541192333480037,0.8711296212105524,0.15171874527420318,0.14958469814487865,0.10168593579104969,0.09273149750771977,0.98751900183834,5.633333333333334,6.023809523809524,27.797247657754944,210.0,Romance
dense_clip_xlmr_base,XLM-R base + ViT-B/32,person,eu,Basque,True,0.3730317468260109,0.04083028206056568,0.8714285714285714,1.0,0.27148665369146446,0.19230125093239062,0.09788372913081707,0.502241679652953,0.5225447588555869,0.15171874527420318,0.18177608102560044,0.10168593579104969,0.12494349273897352,1.2031246277248158,5.633333333333334,5.728571428571429,42.80823538303162,210.0,Isolate
dense_clip_xlmr_base,XLM-R base + ViT-B/32,person,fr,French,False,0.5726322705264312,0.4998894483307784,1.0,1.0,0.509546260343575,0.43091935827402317,0.33271112850272316,0.8367135899293756,0.8547730374903906,0.15171874527420318,0.13959680611178987,0.10168593579104969,0.0818453535437584,0.9211296639706836,5.633333333333334,6.461904761904762,27.821416394368992,210.0,Romance
dense_clip_xlmr_base,XLM-R base + ViT-B/32,person,it,Italian,False,0.6027447337798141,0.47350037030001574,1.0,1.0,0.5337143463677991,0.4644669962745538,0.36002621737438806,0.8541192333480037,0.8711296212105524,0.15171874527420318,0.14958469814487865,0.10168593579104969,0.09273149750771977,0.98751900183834,5.633333333333334,6.023809523809524,27.797247657754944,210.0,Romance
dense_clip_xlmr_base,XLM-R base + ViT-B/32,person,lb,Luxembourgish,True,0.47979720217380667,0.15992192056055637,1.0,1.0,0.37996822171317185,0.30518902945603155,0.22864832334192525,0.7071932960104962,0.7319766998734503,0.15171874527420318,0.16591287553310394,0.10168593579104969,0.11227414175158455,1.096140538966023,5.633333333333334,5.4714285714285715,38.32865862263734,210.0,Germanic
dense_clip_xlmr_base,XLM-R base + ViT-B/32,person,pt,Portuguese,False,0.554665220327274,0.37273649372801754,1.0,1.0,0.4720484314235867,0.39116368400908463,0.30017709092967054,0.8072452331634584,0.8275361234233493,0.15171874527420318,0.15435838380030223,0.10168593579104969,0.09729218876787595,1.0196701724320003,5.633333333333334,5.961904761904762,29.634482754905807,210.0,Romance
dense_clip_xlmr_base,XLM-R base + ViT-B/32,person,ru,Russian,False,0.4532905209870712,0.2825112908112326,1.0,1.0,0.36291406172581164,0.2823267842445584,0.1860839947436147,0.6702064414950745,0.6913764900394849,0.15171874527420318,0.15531990897087825,0.10168593579104969,0.10012557503013383,1.0272233938486568,5.633333333333334,6.109523809523809,34.17824988405323,210.0,Slavic
dense_clip_xlmr_base,XLM-R base + ViT-B/32,person,zh-CN,Chinese (Simp.),False,0.4283246875151518,0.11065294542645542,0.9904761904761905,1.0,0.3309241005459275,0.2548779419111087,0.17119225050096057,0.6395292365086974,0.6686270922777199,0.15171874527420318,0.17008144039483297,0.10168593579104969,0.10682306601887658,1.1248377032585055,5.633333333333334,6.123809523809523,37.02329930533499,210.0,Sinitic
dense_clip_xlmr_base,XLM-R base + ViT-B/32,person,zh-TW,Chinese (Trad.),False,0.44503931446939266,0.05502687225637984,0.8952380952380953,1.0,0.34530537829449254,0.2590382656413255,0.1655836421808202,0.6496402214609739,0.6744827078211875,0.15171874527420318,0.18247513735578175,0.10168593579104969,0.11999934482432548,1.2070779260089919,5.633333333333334,5.8428571428571425,38.17235053709396,210.0,Sinitic
dense_clip_xlmr_base,XLM-R base + ViT-B/32,pedestrian,ar,Arabic,True,0.42455808970301534,0.5289566680156607,0.15186101977784233,0.9904761904761905,0.2773217904711907,0.19484073391525927,0.12347877601302129,0.6763964601549256,0.6914672501030422,0.21048866780031295,0.21133681266080764,0.1474819537784372,0.14270278169285683,1.0066281903553662,5.476190476190476,5.619047619047619,40.081750035787486,210.0,Semitic
dense_clip_xlmr_base,XLM-R base + ViT-B/32,pedestrian,ca,Catalan,False,0.5317253359407245,0.08668686760350267,0.2109844403962051,1.0,0.3869512540048213,0.3078964983974927,0.21211865924823373,0.798686904263688,0.8136573885168348,0.21048866780031295,0.16798719934054784,0.1474819537784372,0.10385144469993456,0.7998341346090914,5.476190476190476,5.79047619047619,35.53815092527839,210.0,Romance
dense_clip_xlmr_base,XLM-R base + ViT-B/32,pedestrian,de,German,False,0.6761041690034956,0.673060463013059,0.3300870485394459,0.9952380952380953,0.5420913472834785,0.46651169126562514,0.3741045393664332,0.9204986288996294,0.9246534361725762,0.21048866780031295,0.20557623179185958,0.1474819537784372,0.13758987826960428,0.9776163489583607,5.476190476190476,5.352380952380952,26.10723999806158,210.0,Germanic
dense_clip_xlmr_base,XLM-R base + ViT-B/32,pedestrian,en,English,False,1.0,1.0,1.0,1.0,1.0,1.0,1.0,1.0,0.9999999701976776,0.21048866780031295,0.21048866780031295,0.1474819537784372,0.1474819537784372,1.0,5.476190476190476,5.476190476190476,0.0,210.0,Germanic
dense_clip_xlmr_base,XLM-R base + ViT-B/32,pedestrian,es,Spanish,False,0.6517597696371522,0.1800063862255285,0.21911697552324017,1.0,0.5414778664572063,0.4717472040768847,0.3870761181760529,0.9079131722384302,0.9167450791313535,0.21048866780031295,0.17871777479137693,0.1474819537784372,0.10882607808425313,0.8494303673435856,5.476190476190476,5.671428571428572,27.915283805750594,210.0,Romance
dense_clip_xlmr_base,XLM-R base + ViT-B/32,pedestrian,eu,Basque,True,0.28991212435184005,0.1903187511662673,0.20476190476190476,1.0,0.15970342144033753,0.11785382990639584,0.055455356924869054,0.40939279112187893,0.43031038991397336,0.21048866780031295,0.17696148476430348,0.1474819537784372,0.12716030716186477,0.8436059140548664,5.476190476190476,5.442857142857143,49.55878409476957,210.0,Isolate
dense_clip_xlmr_base,XLM-R base + ViT-B/32,pedestrian,fr,French,False,0.6741194283639745,0.5357204207233984,0.3050538517336197,1.0,0.5531949904616945,0.487417036319078,0.3925721505467484,0.9206233472283014,0.9286131237234388,0.21048866780031295,0.19870531587373644,0.1474819537784372,0.13059941065453348,0.9447080465397002,5.476190476190476,5.438095238095238,26.352398414621565,210.0,Romance
dense_clip_xlmr_base,XLM-R base + ViT-B/32,pedestrian,it,Italian,False,0.666716189831362,0.41026298313609655,0.253782574290165,1.0,0.5532170287850251,0.4803461213132718,0.3920282136317047,0.9104361581111189,0.9191149070149376,0.21048866780031295,0.19167795103220714,0.1474819537784372,0.12433150946384385,0.911364069321394,5.476190476190476,5.566666666666666,26.527745055845212,210.0,Romance
dense_clip_xlmr_base,XLM-R base + ViT-B/32,pedestrian,lb,Luxembourgish,True,0.5367482529892085,0.35295472273939676,0.20438070622895052,1.0,0.3794375515135383,0.2902531100603255,0.19382565254090187,0.7813279320224001,0.7887065606457847,0.21048866780031295,0.18376538228420985,0.1474819537784372,0.1268957609931628,0.8751959047075353,5.476190476190476,5.538095238095238,36.67557832669505,210.0,Germanic
dense_clip_xlmr_base,XLM-R base + ViT-B/32,pedestrian,pt,Portuguese,False,0.6875106200126893,0.6458095965532167,0.3696187903754192,0.9952380952380953,0.536579300912834,0.47113553936752517,0.3751792851783616,0.9383852323669499,0.941259567510514,0.21048866780031295,0.20639371808086124,0.1474819537784372,0.13580180353352,0.9809762169646019,5.476190476190476,5.257142857142857,24.60388513090258,210.0,Romance
dense_clip_xlmr_base,XLM-R base + ViT-B/32,pedestrian,ru,Russian,False,0.5842945362125643,0.2864833305257527,0.24311613238502336,1.0,0.4852497469011687,0.3960844723985325,0.3314407340696399,0.8632004469664705,0.87230266446159,0.21048866780031295,0.1883844996492068,0.1474819537784372,0.1143909697731336,0.8953244891085053,5.476190476190476,6.019047619047619,29.1005194347669,210.0,Slavic
dense_clip_xlmr_base,XLM-R base + ViT-B/32,pedestrian,zh-CN,Chinese (Simp.),False,0.4937790464349969,0.2337980939204231,0.22160016020976506,1.0,0.35623173602203934,0.2914015688713318,0.2298889226365038,0.7800512109888695,0.7940741070679256,0.21048866780031295,0.1836538680962154,0.1474819537784372,0.11420519568380855,0.8736395013820454,5.476190476190476,5.6380952380952385,35.445754586527585,210.0,Sinitic
dense_clip_xlmr_base,XLM-R base + ViT-B/32,pedestrian,zh-TW,Chinese (Trad.),False,0.5296546698259906,0.3515995337704244,0.2278288145444581,1.0,0.38321008120351074,0.3141683619109542,0.24244986069143326,0.8123738278572692,0.8244865417480469,0.21048866780031295,0.19103915897153673,0.1474819537784372,0.12240723736938976,0.9088393628687003,5.476190476190476,5.59047619047619,34.30870076319884,210.0,Sinitic
dense_clip_xlmr_base,XLM-R base + ViT-B/32,traffic_light,ar,Arabic,True,0.5095205847582552,0.36546752566596646,0.2145490765988341,0.9619047619047619,0.4111979675740054,0.35140041041314996,0.27042204115542257,0.7770037355842021,0.7995867750474385,0.193589728644916,0.21634747825917744,0.1250489042628379,0.14669102164251463,1.120404259939772,5.871428571428571,5.928571428571429,29.38473126036433,210.0,Semitic
dense_clip_xlmr_base,XLM-R base + ViT-B/32,traffic_light,ca,Catalan,False,0.6430876801515184,0.3123120816648862,0.6792594185991245,1.0,0.5754300159882124,0.5189891825177527,0.4270382646806541,0.919959783856299,0.9333065677256811,0.193589728644916,0.179618663305328,0.1250489042628379,0.10602475422478858,0.9286566391331752,5.871428571428571,6.280952380952381,22.041215969009023,210.0,Romance
dense_clip_xlmr_base,XLM-R base + ViT-B/32,traffic_light,de,German,False,0.5669848274387332,0.13176568372941772,0.6610557323322116,1.0,0.48825734265921594,0.42530430360308713,0.34222862553348,0.8656081678499469,0.8896128285498847,0.193589728644916,0.1672859770556291,0.1250489042628379,0.0937101019635087,0.8652521552564121,5.871428571428571,6.390476190476191,26.58795764897827,210.0,Germanic
dense_clip_xlmr_base,XLM-R base + ViT-B/32,traffic_light,en,English,False,1.0,1.0,1.0,1.0,1.0,1.0,1.0,1.0,0.999999958844412,0.193589728644916,0.193589728644916,0.1250489042628379,0.1250489042628379,1.0,5.871428571428571,5.871428571428571,0.0,210.0,Germanic
dense_clip_xlmr_base,XLM-R base + ViT-B/32,traffic_light,es,Spanish,False,0.6699435558915433,0.5943975676283738,0.5643982252493115,0.9952380952380953,0.5860121830861228,0.5213338468190671,0.41749809655460046,0.9325202876912643,0.9436366657416025,0.193589728644916,0.20077415811164037,0.1250489042628379,0.12914633176156454,1.0387590941037919,5.871428571428571,5.890476190476191,21.550284071258044,210.0,Romance
dense_clip_xlmr_base,XLM-R base + ViT-B/32,traffic_light,eu,Basque,True,0.6065262030447112,0.4523425523406426,0.6602715122054558,1.0,0.5250298942129473,0.4527783915694592,0.3565981678134681,0.898847316825681,0.9187127967675527,0.193589728644916,0.18533944402422223,0.1250489042628379,0.11472454337137086,0.9585795381975123,5.871428571428571,5.9,25.33765324785281,210.0,Isolate
dense_clip_xlmr_base,XLM-R base + ViT-B/32,traffic_light,fr,French,False,0.5405980836101839,0.49120359539981306,0.47924413944667493,1.0,0.45482804668600413,0.4012963931689818,0.3185009259237732,0.8189091861675617,0.8398124294621604,0.193589728644916,0.1996918933732169,0.1250489042628379,0.12934029897054036,1.0341604583779707,5.871428571428571,6.190476190476191,28.204842065946234,210.0,Romance
dense_clip_xlmr_base,XLM-R base + ViT-B/32,traffic_light,it,Italian,False,0.6695891950491863,0.5501534524314889,0.698132236013593,1.0,0.5920117161375059,0.5273102265813212,0.42442803119701294,0.9357911394236844,0.9475298662980397,0.193589728644916,0.19031945225738345,0.1250489042628379,0.11655219030522165,0.9840489595535394,5.871428571428571,5.942857142857143,21.27385445023004,210.0,Romance
dense_clip_xlmr_base,XLM-R base + ViT-B/32,traffic_light,lb,Luxembourgish,True,0.30303597486740697,0.2769309772937956,0.5935334362705986,1.0,0.1693656765818226,0.1145764376899127,0.05861451014304217,0.4931421259769079,0.5083266860916323,0.193589728644916,0.18908454960300808,0.1250489042628379,0.14327514746359415,0.982515965437972,5.871428571428571,4.957142857142857,48.04737549008412,210.0,Germanic
dense_clip_xlmr_base,XLM-R base + ViT-B/32,traffic_light,pt,Portuguese,False,0.6467391657139983,0.5710205074025639,0.5283905854753649,0.9857142857142858,0.5483970447722635,0.4782358541629022,0.3800392848771028,0.9176874526227506,0.9302801370620728,0.193589728644916,0.20220170418421426,0.1250489042628379,0.12976224276991116,1.0461498402255291,5.871428571428571,5.828571428571428,23.457974335335475,210.0,Romance
dense_clip_xlmr_base,XLM-R base + ViT-B/32,traffic_light,ru,Russian,False,0.5119208939141896,0.26130261063519544,0.635575398307233,1.0,0.40950118840546496,0.33955170113753835,0.2658076184881127,0.8066421950439162,0.8350000343152455,0.193589728644916,0.17835470877942586,0.1250489042628379,0.10373173643435751,0.922829258026391,5.871428571428571,6.261904761904762,30.318860965376313,210.0,Slavic
dense_clip_xlmr_base,XLM-R base + ViT-B/32,traffic_light,zh-CN,Chinese (Simp.),False,0.5524814087467929,0.5016772098779889,0.47858592933390515,0.9857142857142858,0.45676210298923103,0.3960877529557063,0.3035902656692117,0.8550947947087466,0.8845377013796851,0.193589728644916,0.20370573344684784,0.1250489042628379,0.12828969877390634,1.0537431795071983,5.871428571428571,5.961904761904762,26.688443364043252,210.0,Sinitic
dense_clip_xlmr_base,XLM-R base + ViT-B/32,traffic_light,zh-TW,Chinese (Trad.),False,0.5960282491307941,0.5393681193560437,0.6139877676185765,1.0,0.5134986139558302,0.46164634217042877,0.37344023805853904,0.8887363505114316,0.910453443583988,0.193589728644916,0.19508692239012038,0.1250489042628379,0.12162176888613474,1.0090726683397346,5.871428571428571,6.033333333333333,24.59634388753345,210.0,Sinitic
dense_clip_xlmr_base,XLM-R base + ViT-B/32,traffic_sign,ar,Arabic,True,0.4753218451467236,0.6097902273487341,0.1045586270094221,0.8761904761904762,0.3538291287975505,0.29964811538700364,0.2193939917581372,0.7518023172191146,0.7794023887032554,0.2075428999605633,0.22952846522842135,0.14734194420632862,0.16570711362929572,1.107946727776268,5.719047619047619,5.261904761904762,34.36390147308622,210.0,Semitic
dense_clip_xlmr_base,XLM-R base + ViT-B/32,traffic_sign,ca,Catalan,False,0.5322586382429318,0.12611046021186556,0.2992784842223776,1.0,0.4347792031632282,0.3750479892523925,0.30656407191353513,0.8300430350488596,0.8520303260712396,0.2075428999605633,0.17771111038469134,0.14734194420632862,0.10753579920246488,0.8569103152079942,5.719047619047619,6.3428571428571425,27.798613142403397,210.0,Romance
dense_clip_xlmr_base,XLM-R base + ViT-B/32,traffic_sign,de,German,False,0.617325601309189,0.36998368969300954,0.3565260920773732,0.9952380952380953,0.528111196330874,0.47300930054686113,0.39069513154243873,0.8894480334922367,0.902137976033347,0.2075428999605633,0.19081919477099463,0.14734194420632862,0.12577699199318887,0.9195941069993865,5.719047619047619,5.857142857142857,24.844860553867665,210.0,Germanic
dense_clip_xlmr_base,XLM-R base + ViT-B/32,traffic_sign,en,English,False,1.0,1.0,1.0,1.0,1.0,1.0,1.0,1.0,0.9999999599797386,0.2075428999605633,0.2075428999605633,0.14734194420632862,0.14734194420632862,1.0,5.719047619047619,5.719047619047619,0.0,210.0,Germanic
dense_clip_xlmr_base,XLM-R base + ViT-B/32,traffic_sign,es,Spanish,False,0.6487130539278503,0.5617711432193573,0.36862827496756795,1.0,0.5505592159782249,0.48483700448047523,0.4099542012152519,0.9263908146056324,0.9385222809655326,0.2075428999605633,0.19777588418551853,0.14734194420632862,0.13369185413633075,0.9535882423765587,5.719047619047619,5.919047619047619,22.435501642686575,210.0,Romance
dense_clip_xlmr_base,XLM-R base + ViT-B/32,traffic_sign,eu,Basque,True,0.5248277857058437,0.5776016775873902,0.303788071398743,0.9952380952380953,0.4101815753325706,0.3372531449930395,0.2565587368348069,0.8261130021668215,0.8498645237513951,0.2075428999605633,0.20496753745135807,0.14734194420632862,0.13814079009351277,0.9891351141044538,5.719047619047619,5.904761904761905,30.98974488645685,210.0,Isolate
dense_clip_xlmr_base,XLM-R base + ViT-B/32,traffic_sign,fr,French,False,0.6282385376092805,0.604278377855593,0.3915621175760093,1.0,0.5244340912784664,0.4559072647906075,0.3587982963563772,0.9007685007350354,0.913521500144686,0.2075428999605633,0.19530780684380306,0.14734194420632862,0.13793224334007217,0.9416866457371517,5.719047619047619,5.8238095238095235,24.557650791921574,210.0,Romance
dense_clip_xlmr_base,XLM-R base + ViT-B/32,traffic_sign,it,Italian,False,0.5981913074329025,0.5019387057899717,0.3486823887465271,1.0,0.4934925650775272,0.4245770648870438,0.325374624374148,0.8930276978248587,0.9078822717780158,0.2075428999605633,0.19677510084140867,0.14734194420632862,0.13046014720485324,0.9489034512979571,5.719047619047619,6.161904761904762,25.68658186236213,210.0,Romance
dense_clip_xlmr_base,XLM-R base + ViT-B/32,traffic_sign,lb,Luxembourgish,True,0.2588474232855046,0.37090730539881417,0.29059561891221747,1.0,0.13967169037566082,0.09393047924834015,0.04459718336262354,0.357421943998281,0.37312473607737395,0.2075428999605633,0.18522415856520336,0.14734194420632862,0.1425215421687989,0.8958598749293538,5.719047619047619,5.895238095238096,45.01679696760272,210.0,Germanic
dense_clip_xlmr_base,XLM-R base + ViT-B/32,traffic_sign,pt,Portuguese,False,0.6141020656482765,0.49885245976737397,0.36469247475554567,1.0,0.5121085945681628,0.4491738066167336,0.3646752036245737,0.9058882585997389,0.9214144439924331,0.2075428999605633,0.199556155644712,0.14734194420632862,0.1294889605471066,0.9623080812961712,5.719047619047619,6.0285714285714285,24.00351099937817,210.0,Romance
dense_clip_xlmr_base,XLM-R base + ViT-B/32,traffic_sign,ru,Russian,False,0.5165620996084415,0.44633382620075934,0.29319006630786815,1.0,0.39144539664455474,0.31706395779237506,0.23267115794527188,0.8080004680466311,0.8318870328721546,0.2075428999605633,0.19506697058677674,0.14734194420632862,0.12902213476953053,0.9413574065903022,5.719047619047619,5.785714285714286,30.90798044497907,210.0,Slavic
dense_clip_xlmr_base,XLM-R base + ViT-B/32,traffic_sign,zh-CN,Chinese (Simp.),False,0.5145144825918958,0.6778373985017168,0.23245407254390954,0.9714285714285714,0.3905329959090093,0.3232175400842572,0.2510603863617554,0.8181154284519769,0.8422368885505767,0.2075428999605633,0.2219565700207438,0.14734194420632862,0.15381112520893414,1.0708027198054324,5.719047619047619,5.495238095238095,30.822137126004513,210.0,Sinitic
dense_clip_xlmr_base,XLM-R base + ViT-B/32,traffic_sign,zh-TW,Chinese (Trad.),False,0.5593178690760553,0.6086569418425833,0.33977670791894826,0.9904761904761905,0.4571394395903627,0.39853448555576965,0.31588348299683877,0.8541379144721569,0.8767738897176016,0.2075428999605633,0.20660556803146998,0.14734194420632862,0.13841062982877095,0.9964991693884474,5.719047619047619,5.890476190476191,27.886437194257617,210.0,Sinitic
dense_clip_xlmr_base,XLM-R base + ViT-B/32,bicycle,ar,Arabic,True,0.48617377191290273,0.23635605617330493,0.5918406039357662,1.0,0.3866499401203996,0.31932190418490297,0.2382279599228413,0.7387059824933054,0.764141004993802,0.17625248510213126,0.19651312991267159,0.11884622967668942,0.14153979182952925,1.1174288210858976,5.785714285714286,5.614285714285714,33.40287468259994,210.0,Semitic
dense_clip_xlmr_base,XLM-R base + ViT-B/32,bicycle,ca,Catalan,False,0.6981993052657389,0.3528565487396666,0.8457895344297727,1.0,0.6076272891223008,0.5350604429548781,0.4584012135825333,0.9233319167655046,0.9311355900196802,0.17625248510213126,0.18910204477253414,0.11884622967668942,0.13468383830927666,1.0745518313031568,5.785714285714286,5.757142857142857,22.525309256681144,210.0,Romance
dense_clip_xlmr_base,XLM-R base + ViT-B/32,bicycle,de,German,False,0.620142200774382,0.4065704744219357,0.8884508276749655,1.0,0.5168157533491873,0.43206731580941177,0.35466194968995063,0.8719642728434962,0.88685858022599,0.17625248510213126,0.18492689012061983,0.11884622967668942,0.129411322055828,1.0505854277823805,5.785714285714286,5.942857142857143,25.79068908011234,210.0,Germanic
dense_clip_xlmr_base,XLM-R base + ViT-B/32,bicycle,en,English,False,1.0,1.0,1.0,1.0,1.0,1.0,1.0,1.0,0.9999999611150651,0.17625248510213126,0.17625248510213126,0.11884622967668942,0.11884622967668942,1.0,5.785714285714286,5.785714285714286,0.0,210.0,Germanic
dense_clip_xlmr_base,XLM-R base + ViT-B/32,bicycle,es,Spanish,False,0.6981993052657389,0.3528565487396666,0.8457895344297727,1.0,0.6076272891223008,0.5350604429548781,0.4584012135825333,0.9233319167655046,0.9311355900196802,0.17625248510213126,0.18910204477253414,0.11884622967668942,0.13468383830927666,1.0745518313031568,5.785714285714286,5.757142857142857,22.525309256681144,210.0,Romance
dense_clip_xlmr_base,XLM-R base + ViT-B/32,bicycle,eu,Basque,True,0.59628561518245,0.4319017200306494,0.9336645962732919,1.0,0.5084991704592314,0.427305196896493,0.33940540825580856,0.8451717986085618,0.8606821886130742,0.17625248510213126,0.1759912167276655,0.11884622967668942,0.11388740628248169,0.999825728136471,5.785714285714286,5.785714285714286,28.60737630660908,210.0,Isolate
dense_clip_xlmr_base,XLM-R base + ViT-B/32,bicycle,fr,French,False,0.6761623559045166,0.3595410032651049,0.8429093934132681,1.0,0.5845837574431308,0.5117483932337207,0.42916677223861127,0.9079279999522178,0.9182183410440172,0.17625248510213126,0.1886018293244498,0.11884622967668942,0.13442400782590821,1.0715232095417018,5.785714285714286,5.9,23.78641908791862,210.0,Romance
dense_clip_xlmr_base,XLM-R base + ViT-B/32,bicycle,it,Italian,False,0.6585093017640579,0.4390194551327201,0.9687807881773399,1.0,0.549759011962428,0.48345727605178634,0.3787658015498289,0.8997009849643892,0.9099413820675442,0.17625248510213126,0.1723950471196856,0.11884622967668942,0.11537995771283195,0.9792590902570263,5.785714285714286,5.857142857142857,24.519759558421047,210.0,Romance
dense_clip_xlmr_base,XLM-R base + ViT-B/32,bicycle,lb,Luxembourgish,True,0.5167583359022665,0.08650443446496853,0.9761904761904762,1.0,0.41214266340100086,0.3352816326659706,0.2619041088066924,0.7726517103944628,0.7909302989641825,0.17625248510213126,0.15368111193889664,0.11884622967668942,0.09955707330788885,0.8736795279537651,5.785714285714286,6.4,30.962378315955046,210.0,Germanic
dense_clip_xlmr_base,XLM-R base + ViT-B/32,bicycle,pt,Portuguese,False,0.6785475127649203,0.3362771464091261,0.8322565891659354,1.0,0.5888126070223335,0.5073383533811467,0.42239746380463533,0.9056899091230179,0.9154189044520968,0.17625248510213126,0.1907742644349734,0.11884622967668942,0.1347729095036075,1.0841819589774688,5.785714285714286,5.666666666666667,23.623378440874724,210.0,Romance
dense_clip_xlmr_base,XLM-R base + ViT-B/32,bicycle,ru,Russian,False,0.5621002258769302,0.2629294139630608,0.6978269812885666,1.0,0.4551322617998506,0.374942178487896,0.300177460820976,0.8097509223497097,0.8262735818113599,0.17625248510213126,0.19463203790641967,0.11884622967668942,0.13993996069544837,1.1068632372312446,5.785714285714286,5.442857142857143,32.34829634408778,210.0,Slavic
dense_clip_xlmr_base,XLM-R base + ViT-B/32,bicycle,zh-CN,Chinese (Simp.),False,0.5704162724211125,0.21516027840237723,0.4070210939979515,1.0,0.45564699496738453,0.385483130739441,0.28858838344319093,0.8287374582143191,0.8453353725728534,0.17625248510213126,0.20394981460911887,0.11884622967668942,0.1458108116118681,1.1596636630183572,5.785714285714286,5.538095238095238,28.03021042901845,210.0,Sinitic
dense_clip_xlmr_base,XLM-R base + ViT-B/32,bicycle,zh-TW,Chinese (Trad.),False,0.5861292004512574,0.36329234175563757,0.8256550251142585,1.0,0.48303594430511754,0.3969131436267254,0.3146011102394066,0.8445362871645177,0.8588428627877008,0.17625248510213126,0.18940436314968837,0.11884622967668942,0.1314131148159504,1.0768216352542592,5.785714285714286,5.761904761904762,28.37070906034374,210.0,Sinitic
dense_clip_xlmr_base,XLM-R base + ViT-B/32,motorcycle,ar,Arabic,True,0.5168716995152333,0.7127907291251165,0.2679959644084072,1.0,0.38844908907258,0.32666085279278545,0.23901715082423766,0.8125985552539672,0.8369535579567864,0.20372330290930613,0.2075497729437692,0.15128332411959058,0.15182557074087008,1.0202323114657936,5.728571428571429,5.309523809523809,32.10521191445815,210.0,Semitic
dense_clip_xlmr_base,XLM-R base + ViT-B/32,motorcycle,ca,Catalan,False,0.6673847069858476,0.802863652306727,0.4400548460255357,1.0,0.5676982397277582,0.5193112918574201,0.4327749170589913,0.9201422130013405,0.9320143469742366,0.20372330290930613,0.20520073558603014,0.15128332411959058,0.152700689576921,1.0079696040982389,5.728571428571429,5.819047619047619,22.677139774952774,210.0,Romance
dense_clip_xlmr_base,XLM-R base + ViT-B/32,motorcycle,de,German,False,0.6389651671910507,0.7601773596400578,0.4214548517797069,1.0,0.5190058672592887,0.46590638606629553,0.37928369667114553,0.9054260820617788,0.9188928314617701,0.20372330290930613,0.20388414136001043,0.15128332411959058,0.14803225458377883,1.0013671177278665,5.728571428571429,5.623809523809523,23.658570032160387,210.0,Germanic
dense_clip_xlmr_base,XLM-R base + ViT-B/32,motorcycle,en,English,False,1.0,1.0,1.0,1.0,1.0,1.0,1.0,1.0,0.9999999577090853,0.20372330290930613,0.20372330290930613,0.15128332411959058,0.15128332411959058,1.0,5.728571428571429,5.728571428571429,0.0,210.0,Germanic
dense_clip_xlmr_base,XLM-R base + ViT-B/32,motorcycle,es,Spanish,False,0.6673847069858476,0.802863652306727,0.4400548460255357,1.0,0.5676982397277582,0.5193112918574201,0.4327749170589913,0.9201422130013405,0.9320143469742366,0.20372330290930613,0.20520073558603014,0.15128332411959058,0.152700689576921,1.0079696040982389,5.728571428571429,5.819047619047619,22.677139774952774,210.0,Romance
dense_clip_xlmr_base,XLM-R base + ViT-B/32,motorcycle,eu,Basque,True,0.4978049310219817,0.270045779355809,0.3801940678577185,1.0,0.3866261522342183,0.32876126483046203,0.2578356717431336,0.7951117933192785,0.8209650295121329,0.20372330290930613,0.1813065425980659,0.15128332411959058,0.12571298923520816,0.8906938797055045,5.728571428571429,6.0285714285714285,31.429029662353596,210.0,Isolate
dense_clip_xlmr_base,XLM-R base + ViT-B/32,motorcycle,fr,French,False,0.6106447749801801,0.724769980657475,0.4204803209614408,1.0,0.48929949640378106,0.4355870589193211,0.3499372296778068,0.8886570337762889,0.903987659726824,0.20372330290930613,0.19900874133620944,0.15128332411959058,0.14672960805751029,0.9777093822060311,5.728571428571429,5.680952380952381,25.70664119427471,210.0,Romance
dense_clip_xlmr_base,XLM-R base + ViT-B/32,motorcycle,it,Italian,False,0.6211381920633942,0.4863540040190517,0.38997215167564137,1.0,0.5108657344697306,0.45378949220282916,0.3688730536470992,0.8980221097108448,0.9123241177627018,0.20372330290930613,0.19040905364922114,0.15128332411959058,0.1344753737960543,0.9352916926035955,5.728571428571429,5.947619047619048,24.55364973436967,210.0,Romance
dense_clip_xlmr_base,XLM-R base + ViT-B/32,motorcycle,lb,Luxembourgish,True,0.5596531514448568,0.6472138221602892,0.08699648012012265,1.0,0.42758017403205884,0.3624332688835092,0.27887964734112886,0.8555227924902573,0.8751748709451584,0.20372330290930613,0.22039607507841927,0.15128332411959058,0.17148576492354983,1.0832360088314108,5.728571428571429,5.5,30.365603884776966,210.0,Germanic
dense_clip_xlmr_base,XLM-R base + ViT-B/32,motorcycle,pt,Portuguese,False,0.6432120652987906,0.79031592446368,0.36641375880781557,1.0,0.5356127504571246,0.486463452444365,0.40478996857760374,0.9087603075739303,0.9221856653690338,0.20372330290930613,0.20681502442984354,0.15128332411959058,0.15339581058138893,1.016038928384668,5.728571428571429,5.704761904761905,24.2672513249996,210.0,Romance
dense_clip_xlmr_base,XLM-R base + ViT-B/32,motorcycle,ru,Russian,False,0.5466570453261153,0.7326052391716974,0.2792901919625792,1.0,0.41599230937088544,0.34770613678934104,0.2779797213600997,0.8339474331868569,0.8548149565855662,0.20372330290930613,0.2066559695062183,0.15128332411959058,0.15385325281392961,1.0157092386092357,5.728571428571429,5.523809523809524,31.766315459058628,210.0,Slavic
dense_clip_xlmr_base,XLM-R base + ViT-B/32,motorcycle,zh-CN,Chinese (Simp.),False,0.5407624148481746,0.7088989949185739,0.08565393217704492,0.9809523809523809,0.41023582419235916,0.3467139331383479,0.28308355072060176,0.8464467983400317,0.8708538699717748,0.20372330290930613,0.22364947831346876,0.15128332411959058,0.1651327215489887,1.099249161669399,5.728571428571429,5.023809523809524,31.601181754845932,210.0,Sinitic
dense_clip_xlmr_base,XLM-R base + ViT-B/32,motorcycle,zh-TW,Chinese (Trad.),False,0.5508828701032938,0.7312037534615173,0.2711737801242998,1.0,0.43188851178147514,0.37078893016879966,0.3046502232943789,0.8554060098305859,0.8792819136664981,0.20372330290930613,0.21137952705224355,0.15128332411959058,0.15144039069612822,1.0386478625658504,5.728571428571429,5.304761904761905,28.888082558160583,210.0,Sinitic
dense_clip_xlmr_base,XLM-R base + ViT-B/32,road,ar,Arabic,True,0.6133368763047033,0.7139983758160972,0.1465658900256839,0.8774273345701917,0.48206533088358017,0.4140468680367184,0.34124798613654167,0.9066755624213106,0.9299468582584745,0.21131419305290494,0.23310601193280447,0.14823851010629108,0.16545218442167556,1.104159743941529,5.6571428571428575,5.576190476190476,27.169458488893422,210.0,Semitic
dense_clip_xlmr_base,XLM-R base + ViT-B/32,road,ca,Catalan,False,0.6515045859063142,0.7990964228599626,0.38765308955001604,0.9904761904761905,0.5424347034844492,0.48021159998600527,0.3990342867896946,0.9282213254658608,0.9458721461750212,0.21131419305290494,0.21719302989187694,0.14823851010629108,0.14716505592777615,1.0286368890143331,5.6571428571428575,5.7,24.860888408696614,210.0,Romance
dense_clip_xlmr_base,XLM-R base + ViT-B/32,road,de,German,False,0.6173034764526852,0.7773729632085351,0.15936032692073507,0.8433531746031747,0.5139256151241699,0.44295723978778184,0.37875694015537326,0.9086054672337639,0.9283908509072804,0.21131419305290494,0.23321684364761625,0.14823851010629108,0.15583086875932559,1.1047168006742227,5.6571428571428575,5.333333333333333,28.116944224379036,210.0,Germanic
dense_clip_xlmr_base,XLM-R base + ViT-B/32,road,en,English,False,1.0,1.0,1.0,1.0,1.0,1.0,1.0,1.0,0.9999999608312334,0.21131419305290494,0.21131419305290494,0.14823851010629108,0.14823851010629108,1.0,5.6571428571428575,5.6571428571428575,0.0,210.0,Germanic
dense_clip_xlmr_base,XLM-R base + ViT-B/32,road,es,Spanish,False,0.6515045859063142,0.7990964228599626,0.38765308955001604,0.9904761904761905,0.5424347034844492,0.48021159998600527,0.3990342867896946,0.9282213254658608,0.9458721461750212,0.21131419305290494,0.21719302989187694,0.14823851010629108,0.14716505592777615,1.0286368890143331,5.6571428571428575,5.7,24.860888408696614,210.0,Romance
dense_clip_xlmr_base,XLM-R base + ViT-B/32,road,eu,Basque,True,0.30294083525669174,0.010765397308574032,0.15714285714285714,0.9952380952380953,0.18712522917476293,0.13039809979838837,0.0889607883415034,0.30166790062367166,0.25980722618599733,0.21131419305290494,0.14948192061412902,0.14823851010629108,0.09626932832456771,0.7096399928336048,5.6571428571428575,4.966666666666667,49.84846993691828,210.0,Isolate
dense_clip_xlmr_base,XLM-R base + ViT-B/32,road,fr,French,False,0.7049485246383954,0.8285134433213136,0.4529187982512325,0.9907142857142858,0.6051691407560731,0.5490913527726222,0.5054799038827714,0.9514493584800865,0.9641400095962342,0.21131419305290494,0.2141897223535038,0.14823851010629108,0.14692592007063685,1.0141296664651709,5.6571428571428575,5.714285714285714,22.342506766239023,210.0,Romance
dense_clip_xlmr_base,XLM-R base + ViT-B/32,road,it,Italian,False,0.6630954008875702,0.7594050324025463,0.3906195189919791,0.9952380952380953,0.5587732064575522,0.49193832534067755,0.4307046938787071,0.9329262714889183,0.9496861435118176,0.21131419305290494,0.2143659838608333,0.14823851010629108,0.14098584197816394,1.0149754162894031,5.6571428571428575,5.628571428571429,24.749956873822104,210.0,Romance
dense_clip_xlmr_base,XLM-R base + ViT-B/32,road,lb,Luxembourgish,True,0.23507339202654537,0.05319118250198417,0.15716696042542294,0.9952380952380953,0.13783877822711377,0.08158909062880945,0.03166480219536025,0.1736964927657972,0.15111037537766,0.21131419305290494,0.16410348571482158,0.14823851010629108,0.10790899037605241,0.779036755945475,5.6571428571428575,5.019047619047619,51.171954392769784,210.0,Germanic
dense_clip_xlmr_base,XLM-R base + ViT-B/32,road,pt,Portuguese,False,0.6952809493965181,0.8175391255521298,0.3716393087744215,0.9764285714285715,0.5906965561297758,0.5259120324650128,0.4400696887904378,0.9462541068297785,0.958486738375255,0.21131419305290494,0.22007277820791518,0.14823851010629108,0.1518095935739222,1.0419081385362403,5.6571428571428575,5.685714285714286,22.897203198812097,210.0,Romance
dense_clip_xlmr_base,XLM-R base + ViT-B/32,road,ru,Russian,False,0.600467573103226,0.7181060843237089,0.3450089560117968,0.9904761904761905,0.4712372916235373,0.40852280187803136,0.33883897201145974,0.9001548140554267,0.9224210739135742,0.21131419305290494,0.21097311441387448,0.14823851010629108,0.13931882750420344,0.9992004336708292,5.6571428571428575,5.614285714285714,28.542921963411548,210.0,Slavic
dense_clip_xlmr_base,XLM-R base + ViT-B/32,road,zh-CN,Chinese (Simp.),False,0.571688822580044,0.7415030205135813,0.14191648970165424,0.7770332911925831,0.4434626623549998,0.37210112794377675,0.2913830138748501,0.888251874525379,0.9172427904038202,0.21131419305290494,0.23659262415908633,0.14823851010629108,0.16135807938518978,1.1208118236178568,5.6571428571428575,5.333333333333333,29.614482121259435,210.0,Sinitic
dense_clip_xlmr_base,XLM-R base + ViT-B/32,road,zh-TW,Chinese (Trad.),False,0.6060949137049562,0.7409823980576884,0.17494709635725572,0.8448007774538386,0.48670854810175807,0.41751135340590123,0.33514214798838293,0.9053121819534302,0.9279902205580757,0.21131419305290494,0.23302908128216154,0.14823851010629108,0.161538301301854,1.103866032813189,5.6571428571428575,5.442857142857143,26.8020643868845,210.0,Sinitic
dense_clip_xlmr_base,XLM-R base + ViT-B/32,building,ar,Arabic,True,0.6496473886143419,0.7231248989496536,0.3012219249529246,0.9526201689466995,0.5809836490483987,0.5178543034021371,0.43372917231354086,0.8599410680503857,0.8775060841015407,0.21266074109645117,0.2261153343887556,0.15234232261067346,0.1601703744559061,1.0643440070963752,5.3,5.309523809523809,27.58901682636166,210.0,Semitic
dense_clip_xlmr_base,XLM-R base + ViT-B/32,building,ca,Catalan,False,0.6737482720694848,0.3614706811354905,0.18623048094799538,0.9904761904761905,0.6174257960641739,0.5496328348504754,0.4235219168209653,0.9072491026047405,0.9181546171506246,0.21266074109645117,0.19373266029925573,0.15234232261067346,0.12495518284184592,0.9113435400358967,5.3,5.4904761904761905,28.58846413202254,210.0,Romance
dense_clip_xlmr_base,XLM-R base + ViT-B/32,building,de,German,False,0.6972486956948418,0.6234703688927749,0.3218301937327221,0.9904761904761905,0.6252650970761575,0.5501426340931284,0.43124477773147885,0.9091704584744474,0.920824921131134,0.21266074109645117,0.20422275392782122,0.15234232261067346,0.1403535913853418,0.961042020548314,5.3,5.6,25.452066792179366,210.0,Germanic
dense_clip_xlmr_base,XLM-R base + ViT-B/32,building,en,English,False,1.0,1.0,1.0,1.0,1.0,1.0,1.0,1.0,0.999999969062351,0.21266074109645117,0.21266074109645117,0.15234232261067346,0.15234232261067346,1.0,5.3,5.3,0.0,210.0,Germanic
dense_clip_xlmr_base,XLM-R base + ViT-B/32,building,es,Spanish,False,0.7013208046769827,0.4521369597536325,0.2848671617421141,0.9904761904761905,0.637889249657836,0.5709297272982236,0.4757482277948659,0.9259746104942219,0.9341549944309961,0.21266074109645117,0.20142728147052583,0.15234232261067346,0.1290026319878442,0.9473710194046855,5.3,5.309523809523809,26.325948344717332,210.0,Romance
dense_clip_xlmr_base,XLM-R base + ViT-B/32,building,eu,Basque,True,0.6044655677181363,0.6458668736915343,0.25155816292298694,0.9904761904761905,0.5175862003626545,0.4373294173984861,0.3262351663760506,0.8181211748038438,0.834787487699872,0.21266074109645117,0.2031952190257254,0.15234232261067346,0.14515524531404178,0.9565484961225398,5.3,5.328571428571428,31.99510406194345,210.0,Isolate
dense_clip_xlmr_base,XLM-R base + ViT-B/32,building,fr,French,False,0.7007441575534583,0.4721804111284639,0.2569277991787193,0.9904761904761905,0.6537010970680661,0.5779523109422036,0.4762047486231203,0.9231773120932459,0.9317321309021541,0.21266074109645117,0.19913304497798284,0.15234232261067346,0.13177172630315737,0.9367385567262266,5.3,5.485714285714286,23.737683111413645,210.0,Romance
dense_clip_xlmr_base,XLM-R base + ViT-B/32,building,it,Italian,False,0.7013208046769827,0.4521369597536325,0.2848671617421141,0.9904761904761905,0.637889249657836,0.5709297272982236,0.4757482277948659,0.9259746104942219,0.9341549944309961,0.21266074109645117,0.20142728147052583,0.15234232261067346,0.1290026319878442,0.9473710194046855,5.3,5.309523809523809,26.325948344717332,210.0,Romance
dense_clip_xlmr_base,XLM-R base + ViT-B/32,building,lb,Luxembourgish,True,0.3840986514723837,0.021626062256377265,0.12380952380952381,0.9904761904761905,0.30310593143797465,0.23259541648642704,0.13505889585885722,0.5793362964747757,0.6052041661349081,0.21266074109645117,0.15125132721094858,0.15234232261067346,0.09795743305058706,0.7131312439539681,5.3,5.538095238095238,43.721012278037854,210.0,Germanic
dense_clip_xlmr_base,XLM-R base + ViT-B/32,building,pt,Portuguese,False,0.6847280838814892,0.5945232966326953,0.34951842218480905,0.9907547662575085,0.616984857158539,0.5485554974861858,0.41594694346252814,0.9079697813533048,0.9178625024500348,0.21266074109645117,0.20812107310408637,0.15234232261067346,0.13827916295045897,0.9791547041181506,5.3,5.371428571428571,26.436407368967558,210.0,Romance
dense_clip_xlmr_base,XLM-R base + ViT-B/32,building,ru,Russian,False,0.6107997255772686,0.4488139760233679,0.19588011670789804,0.9904761904761905,0.5392791151466194,0.4695692421738283,0.36756742236268714,0.8235904520318954,0.8408793551581246,0.21266074109645117,0.19658500949541727,0.15234232261067346,0.13300786894701777,0.9253929863713521,5.3,5.576190476190476,31.33124666447115,210.0,Slavic
dense_clip_xlmr_base,XLM-R base + ViT-B/32,building,zh-CN,Chinese (Simp.),False,0.5731749922547085,0.6820757427328062,0.3512363806798424,0.9857142857142858,0.5238551268272145,0.45571393906839297,0.36340290640732453,0.7852859367713609,0.804584219626018,0.21266074109645117,0.2148804980374518,0.15234232261067346,0.15156623792080653,1.0117412764613143,5.3,5.928571428571429,31.51107545219546,210.0,Sinitic
dense_clip_xlmr_base,XLM-R base + ViT-B/32,building,zh-TW,Chinese (Trad.),False,0.65707931419187,0.6896256230953656,0.3790775712847278,0.9766681594267801,0.5934786383354019,0.5173673909172478,0.4298540663117907,0.8844472513457047,0.898286854936963,0.21266074109645117,0.21451047169310705,0.15234232261067346,0.14505422164996465,1.0093723149707725,5.3,5.704761904761905,27.070315451844795,210.0,Sinitic
dense_clip_xlmr_large,XLM-R large + ViT-H/14,car,ar,Arabic,True,0.58642647502229,0.16070500650305092,0.4823723679991573,1.0,0.4753198825751429,0.4029928908151379,0.28974684409379037,0.9110692666375796,0.9441872815291087,0.1999038706932749,0.17831971318948836,0.13218538495046753,0.1049774377473763,0.892162432771016,17.30952380952381,18.4,15.668720381572266,210.0,Semitic
dense_clip_xlmr_large,XLM-R large + ViT-H/14,car,ca,Catalan,False,0.6506108413559243,0.3178337328671657,0.5050524045019892,1.0,0.5849831707639137,0.5344893042233291,0.4134295262605738,0.940610404073092,0.9634141737506503,0.1999038706932749,0.1886570597688357,0.13218538495046753,0.11279651749701727,0.9439130731900652,17.30952380952381,19.928571428571427,13.291449941939462,210.0,Romance
dense_clip_xlmr_large,XLM-R large + ViT-H/14,car,de,German,False,0.6738075334119834,0.2678951180019899,0.5185800897575435,1.0,0.596700217477848,0.5365720326112168,0.40399180332768075,0.9503107634780685,0.967095369668234,0.1999038706932749,0.18528673272757304,0.13218538495046753,0.10782686493226461,0.92683064678617,17.30952380952381,18.99047619047619,13.142864034957313,210.0,Germanic
dense_clip_xlmr_large,XLM-R large + ViT-H/14,car,en,English,False,1.0,1.0,1.0,1.0,1.0,1.0,1.0,1.0,0.9999999602635702,0.1999038706932749,0.1999038706932749,0.13218538495046753,0.13218538495046753,1.0,17.30952380952381,17.30952380952381,0.0,210.0,Germanic
dense_clip_xlmr_large,XLM-R large + ViT-H/14,car,es,Spanish,False,0.6886853561821027,0.4256744783945387,0.5296107669209711,1.0,0.6136483827348439,0.5558811019270281,0.4357292007979767,0.9534054403556681,0.9729958434899648,0.1999038706932749,0.18998300035794577,0.13218538495046753,0.11784310273471332,0.9502887171355381,17.30952380952381,18.414285714285715,12.700857419684075,210.0,Romance
dense_clip_xlmr_large,XLM-R large + ViT-H/14,car,eu,Basque,True,0.6171431838080245,0.5735033416475722,0.4798907965509585,1.0,0.5145872821635349,0.4493758119766029,0.31601358403124785,0.9210712802697181,0.9457797164008731,0.1999038706932749,0.19063881209918432,0.13218538495046753,0.12906320396633375,0.9546432359005236,17.30952380952381,17.28095238095238,14.972490551971385,210.0,Isolate
dense_clip_xlmr_large,XLM-R large + ViT-H/14,car,fr,French,False,0.677753395637799,0.3053577207861229,0.5034775480222008,1.0,0.5935692311012929,0.526668794152677,0.3731275286085241,0.9525858096925577,0.9734187001273745,0.1999038706932749,0.184658843988464,0.13218538495046753,0.1115904012251468,0.9238488612872958,17.30952380952381,18.195238095238096,13.01275551219898,210.0,Romance
dense_clip_xlmr_large,XLM-R large + ViT-H/14,car,it,Italian,False,0.6512434762105546,0.278236236233134,0.4994843982919643,1.0,0.567362668330345,0.5023920697811703,0.3585356537357586,0.9374392677317263,0.964483813728605,0.1999038706932749,0.18397488579863594,0.13218538495046753,0.1118329429555507,0.9204897082278609,17.30952380952381,18.423809523809524,13.701765040360973,210.0,Romance
dense_clip_xlmr_large,XLM-R large + ViT-H/14,car,lb,Luxembourgish,True,0.5682644936362946,0.33346437601773765,0.5257967922546692,1.0,0.445525327306035,0.3745085557290966,0.2447339336488286,0.8979032716494292,0.9170527531987145,0.1999038706932749,0.1884601265901611,0.13218538495046753,0.10717379056981631,0.9431402424385066,17.30952380952381,18.233333333333334,16.699595246375807,210.0,Germanic
dense_clip_xlmr_large,XLM-R large + ViT-H/14,car,pt,Portuguese,False,0.6637620327618559,0.36435069053025776,0.5015040233064484,1.0,0.5737323753019478,0.5051988593567518,0.3709089297477965,0.9461894619377392,0.9703300365379879,0.1999038706932749,0.1873152031784966,0.13218538495046753,0.1147697422476042,0.937184506620316,17.30952380952381,18.419047619047618,13.374150872468979,210.0,Romance
dense_clip_xlmr_large,XLM-R large + ViT-H/14,car,ru,Russian,False,0.5730438722214606,0.12470110946770077,0.4778333210101024,1.0,0.45027490006763077,0.3733413815429558,0.245293522523849,0.9053481932567918,0.9412743307295299,0.1999038706932749,0.17543729955241794,0.13218538495046753,0.10309259561555727,0.8777756539896499,17.30952380952381,19.085714285714285,16.38493679664863,210.0,Slavic
dense_clip_xlmr_large,XLM-R large + ViT-H/14,car,zh-CN,Chinese (Simp.),False,0.6428961902444998,0.28787257161871427,0.5156716311796486,1.0,0.5770565996301628,0.515641209339309,0.392774497331204,0.9386628580971893,0.9560423535960061,0.1999038706932749,0.19092037209442683,0.13218538495046753,0.10705084811363902,0.9550321992771121,17.30952380952381,20.79047619047619,13.620845372567743,210.0,Sinitic
dense_clip_xlmr_large,XLM-R large + ViT-H/14,car,zh-TW,Chinese (Trad.),False,0.6533356915219437,0.24495247111725724,0.5111231483001496,1.0,0.5872390207540437,0.52334389253671,0.39779507294056904,0.9398256400899276,0.9505172485396975,0.1999038706932749,0.18688244337127322,0.13218538495046753,0.10575333074444816,0.9347269375990136,17.30952380952381,20.35238095238095,13.336740395944707,210.0,Sinitic
dense_clip_xlmr_large,XLM-R large + ViT-H/14,truck,ar,Arabic,True,0.6044939869511359,0.10554415260389848,0.8366959453542203,1.0,0.5053473901397741,0.42508509959995416,0.2862666273136895,0.8990307894901416,0.9159554998079936,0.18529191343557266,0.16387100042331787,0.12375282645225524,0.10157634502365476,0.8856503636241019,17.68095238095238,18.80952380952381,14.840854667115922,210.0,Semitic
dense_clip_xlmr_large,XLM-R large + ViT-H/14,truck,ca,Catalan,False,0.6338530542715091,0.14326506618785592,0.859830779006046,1.0,0.5663685887119908,0.5071996002763366,0.3966195803823508,0.91366066584112,0.9274462274142674,0.18529191343557266,0.1690236387508256,0.12375282645225524,0.10321229270526341,0.9125657634036023,17.68095238095238,20.85238095238095,13.14692165821995,210.0,Romance
dense_clip_xlmr_large,XLM-R large + ViT-H/14,truck,de,German,False,0.64103998803152,0.10849126446469382,0.8537223169252649,1.0,0.5588233455742088,0.49874669909742586,0.3732824625180266,0.9215946079649106,0.9303719849813552,0.18529191343557266,0.16475615941342853,0.12375282645225524,0.09873877689242364,0.8897005910425901,17.68095238095238,18.985714285714284,13.241644191102482,210.0,Germanic
dense_clip_xlmr_large,XLM-R large + ViT-H/14,truck,en,English,False,1.0,1.0,1.0,1.0,1.0,1.0,1.0,1.0,0.9999999582767487,0.18529191343557266,0.18529191343557266,0.12375282645225524,0.12375282645225524,1.0,17.68095238095238,17.68095238095238,0.0,210.0,Germanic
dense_clip_xlmr_large,XLM-R large + ViT-H/14,truck,es,Spanish,False,0.6454841810670335,0.15504529171360903,0.8653147064174722,1.0,0.5827647200828855,0.5265553396744544,0.41661600702797685,0.9203514118040103,0.9325331665220715,0.18529191343557266,0.17055283685525258,0.12375282645225524,0.10276260390168145,0.9204872569810789,17.68095238095238,20.285714285714285,12.629786429884597,210.0,Romance
dense_clip_xlmr_large,XLM-R large + ViT-H/14,truck,eu,Basque,True,0.5276977584566246,0.13348268266721897,0.8496365942680674,1.0,0.4517068409680884,0.38905691072744525,0.2655577547723262,0.8092807341531638,0.8257166513374874,0.18529191343557266,0.16649189903622583,0.12375282645225524,0.10286144255882218,0.9001511584626986,17.68095238095238,19.204761904761906,16.443763738024334,210.0,Isolate
dense_clip_xlmr_large,XLM-R large + ViT-H/14,truck,fr,French,False,0.6547973189119175,0.13975440923119217,0.8589408371379277,1.0,0.5782893067594943,0.5068282536560795,0.3794769035812957,0.9302579255728287,0.9436198220366523,0.18529191343557266,0.16851867479937419,0.12375282645225524,0.103066360134454,0.9097506466745151,17.68095238095238,19.79047619047619,12.885889713548174,210.0,Romance
dense_clip_xlmr_large,XLM-R large + ViT-H/14,truck,it,Italian,False,0.6547973189119175,0.13975440923119217,0.8589408371379277,1.0,0.5782893067594943,0.5068282536560795,0.3794769035812957,0.9302579255728287,0.9436198220366523,0.18529191343557266,0.16851867479937419,0.12375282645225524,0.103066360134454,0.9097506466745151,17.68095238095238,19.79047619047619,12.885889713548174,210.0,Romance
dense_clip_xlmr_large,XLM-R large + ViT-H/14,truck,lb,Luxembourgish,True,0.5178815705489926,0.16870264852700584,0.8329239297446699,1.0,0.42081964430557467,0.35026827353221,0.23777988399633532,0.837962050772952,0.8574212295668465,0.18529191343557266,0.1752702126900355,0.12375282645225524,0.09361084962175006,0.9466856616161181,17.68095238095238,21.142857142857142,16.523078460596526,210.0,Germanic
dense_clip_xlmr_large,XLM-R large + ViT-H/14,truck,pt,Portuguese,False,0.6465350171157839,0.12757743935045063,0.855615926300888,1.0,0.564840621893519,0.5013220915169635,0.3757386165386206,0.9244189549012553,0.9393113326458704,0.18529191343557266,0.16780813052540733,0.12375282645225524,0.10263618823318255,0.906208581777253,17.68095238095238,19.86190476190476,13.327498538761988,210.0,Romance
dense_clip_xlmr_large,XLM-R large + ViT-H/14,truck,ru,Russian,False,0.6213088807143328,0.22966136068245788,0.8542749713081619,1.0,0.5407145272907974,0.4751463428730612,0.34982888016779534,0.9094992153161858,0.9241396009922027,0.18529191343557266,0.17108198610090075,0.12375282645225524,0.106877976726918,0.9242892465553632,17.68095238095238,18.12857142857143,14.318023307217898,210.0,Slavic
dense_clip_xlmr_large,XLM-R large + ViT-H/14,truck,zh-CN,Chinese (Simp.),False,0.6058626844018014,0.3341413937730733,0.8391774920020214,1.0,0.5307729912805019,0.4658684064537391,0.3317686126065713,0.9086928355977392,0.92099953577632,0.18529191343557266,0.1825644442013332,0.12375282645225524,0.10342642938097318,0.9858491455895486,17.68095238095238,21.295238095238094,13.852110021818508,210.0,Sinitic
dense_clip_xlmr_large,XLM-R large + ViT-H/14,truck,zh-TW,Chinese (Trad.),False,0.6210831030333048,0.19034965826739245,0.8642080218193284,1.0,0.5456516832553141,0.4802099494524422,0.33817043363991556,0.9079417381561069,0.9144725839296977,0.18529191343557266,0.17434833220073154,0.12375282645225524,0.0990022296352046,0.9409753242805983,17.68095238095238,20.933333333333334,13.741041156664982,210.0,Sinitic
dense_clip_xlmr_large,XLM-R large + ViT-H/14,bus,ar,Arabic,True,0.6121440453927124,0.09990085962236592,0.9015097418574007,1.0,0.5045298345120403,0.4257966691580415,0.3112656545230844,0.897532320647975,0.9100477536519368,0.17858974997486388,0.15661223271772975,0.1148976804245086,0.09692711028314772,0.8780127448721505,18.52857142857143,19.095238095238095,14.495436797410205,210.0,Semitic
dense_clip_xlmr_large,XLM-R large + ViT-H/14,bus,ca,Catalan,False,0.6467248190093553,0.12227329988838997,0.9217311892955755,1.0,0.5709557645920482,0.5113761496724818,0.4193280307323708,0.9077827411753905,0.9167497098445893,0.17858974997486388,0.1608068374650819,0.1148976804245086,0.1005178462536562,0.901244644416896,18.52857142857143,20.038095238095238,12.59244295405174,210.0,Romance
dense_clip_xlmr_large,XLM-R large + ViT-H/14,bus,de,German,False,0.6550444710555933,0.10203008794483673,0.9211021807788494,1.0,0.5843514686004223,0.5315844913608591,0.4475854069567676,0.926672129840655,0.9339745232037135,0.17858974997486388,0.15871571096636,0.1148976804245086,0.09287063014649209,0.8893551584733606,18.52857142857143,20.61904761904762,12.128453092831894,210.0,Germanic
dense_clip_xlmr_large,XLM-R large + ViT-H/14,bus,en,English,False,1.0,1.0,1.0,1.0,1.0,1.0,1.0,1.0,0.9999999631018865,0.17858974997486388,0.17858974997486388,0.1148976804245086,0.1148976804245086,1.0,18.52857142857143,18.52857142857143,0.0,210.0,Germanic
dense_clip_xlmr_large,XLM-R large + ViT-H/14,bus,es,Spanish,False,0.6467248190093553,0.12227329988838997,0.9217311892955755,1.0,0.5709557645920482,0.5113761496724818,0.4193280307323708,0.9077827411753905,0.9167497098445893,0.17858974997486388,0.1608068374650819,0.1148976804245086,0.1005178462536562,0.901244644416896,18.52857142857143,20.038095238095238,12.59244295405174,210.0,Romance
dense_clip_xlmr_large,XLM-R large + ViT-H/14,bus,eu,Basque,True,0.5938437984086778,0.08139917644527869,0.9199421597732139,1.0,0.4939998896292977,0.42501091636035343,0.31242980756810484,0.8784303033655669,0.8932507035278139,0.17858974997486388,0.15576584211417607,0.1148976804245086,0.09985052191075824,0.8735603129195249,18.52857142857143,19.576190476190476,14.653138603958078,210.0,Isolate
dense_clip_xlmr_large,XLM-R large + ViT-H/14,bus,fr,French,False,0.6460712261034622,0.09943218394066888,0.9217168264104,1.0,0.5416730178735755,0.46595271395608173,0.3487447652932824,0.9207477904012772,0.929983918723606,0.17858974997486388,0.15815140023117974,0.1148976804245086,0.09839044316183954,0.8864506394109123,18.52857142857143,19.35238095238095,13.365581146668188,210.0,Romance
dense_clip_xlmr_large,XLM-R large + ViT-H/14,bus,it,Italian,False,0.6460712261034622,0.09943218394066888,0.9217168264104,1.0,0.5416730178735755,0.46595271395608173,0.3487447652932824,0.9207477904012772,0.929983918723606,0.17858974997486388,0.15815140023117974,0.1148976804245086,0.09839044316183954,0.8864506394109123,18.52857142857143,19.35238095238095,13.365581146668188,210.0,Romance
dense_clip_xlmr_large,XLM-R large + ViT-H/14,bus,lb,Luxembourgish,True,0.5549001714704321,0.16435466296095463,0.9224343710484408,1.0,0.42164070990842495,0.3418376293047874,0.23660406592990454,0.8633481019605527,0.8757607590584527,0.17858974997486388,0.16445033493496122,0.1148976804245086,0.10120497509127571,0.9225705538713398,18.52857142857143,19.49047619047619,15.987672886990142,210.0,Germanic
dense_clip_xlmr_large,XLM-R large + ViT-H/14,bus,pt,Portuguese,False,0.6021581781169838,0.07318085791005255,0.9199197781017964,1.0,0.49714777004681127,0.42580475624534814,0.3122212800222007,0.8872245150810488,0.9007724957806723,0.17858974997486388,0.15512734445787613,0.1148976804245086,0.09676952496880577,0.869705089804967,18.52857142857143,20.052380952380954,13.784356197214652,210.0,Romance
dense_clip_xlmr_large,XLM-R large + ViT-H/14,bus,ru,Russian,False,0.6000400044341142,0.09254462535541874,0.9198526402771994,1.0,0.47112793760875304,0.3900969448829517,0.27048601470056477,0.8913008140983831,0.9037950771195548,0.17858974997486388,0.15645288193509693,0.1148976804245086,0.10372821145824024,0.8777669167427867,18.52857142857143,17.83809523809524,15.635747461507725,210.0,Slavic
dense_clip_xlmr_large,XLM-R large + ViT-H/14,bus,zh-CN,Chinese (Simp.),False,0.596595884259836,0.2052899220221112,0.9194489997693779,1.0,0.5437547400772573,0.49779790169785293,0.43764617411455115,0.887141368152726,0.8985782875901177,0.17858974997486388,0.17001454326368515,0.1148976804245086,0.09295497614712943,0.9518255893391925,18.52857142857143,22.585714285714285,13.03098901969734,210.0,Sinitic
dense_clip_xlmr_large,XLM-R large + ViT-H/14,bus,zh-TW,Chinese (Trad.),False,0.6002535022267135,0.15938024166326056,0.9338115368106621,1.0,0.553184747247783,0.5053787711835718,0.4110486363724871,0.8653787629082128,0.8745993747597649,0.17858974997486388,0.16611801712285904,0.1148976804245086,0.08884246508990015,0.929905261639374,18.52857142857143,22.533333333333335,13.29464466568218,210.0,Sinitic
dense_clip_xlmr_large,XLM-R large + ViT-H/14,person,ar,Arabic,True,0.47434451186599935,0.6217184491182133,1.0,1.0,0.3584609083293446,0.2926195392877292,0.1955656863595069,0.7946401483063432,0.8272238477354958,0.13845712570917038,0.14753369114228657,0.0826371352942217,0.09159638828464917,1.0684371047836585,22.066666666666666,23.004761904761907,14.59732494834032,210.0,Semitic
dense_clip_xlmr_large,XLM-R large + ViT-H/14,person,ca,Catalan,False,0.5397141550905361,0.8616533712874773,1.0,1.0,0.4401882679646773,0.3788808487249329,0.27515182387240195,0.8547546826035421,0.8770425952616192,0.13845712570917038,0.13594391377908843,0.0826371352942217,0.0829343872056121,0.9836039270030437,22.066666666666666,23.19047619047619,12.67187399016348,210.0,Romance
dense_clip_xlmr_large,XLM-R large + ViT-H/14,person,de,German,False,0.5666212866019394,0.8772791199813259,1.0,1.0,0.48031415038605757,0.4138953292747351,0.2950998060904735,0.8814534445229125,0.9004996716976166,0.13845712570917038,0.12785140233380454,0.0826371352942217,0.06867158561944961,0.9244976247278387,22.066666666666666,25.271428571428572,11.839222525862288,210.0,Germanic
dense_clip_xlmr_large,XLM-R large + ViT-H/14,person,en,English,False,1.0,1.0,1.0,1.0,1.0,1.0,1.0,1.0,0.9999999676431929,0.13845712570917038,0.13845712570917038,0.0826371352942217,0.0826371352942217,1.0,22.066666666666666,22.066666666666666,0.0,210.0,Germanic
dense_clip_xlmr_large,XLM-R large + ViT-H/14,person,es,Spanish,False,0.5397141550905361,0.8616533712874773,1.0,1.0,0.4401882679646773,0.3788808487249329,0.27515182387240195,0.8547546826035421,0.8770425952616192,0.13845712570917038,0.13594391377908843,0.0826371352942217,0.0829343872056121,0.9836039270030437,22.066666666666666,23.19047619047619,12.67187399016348,210.0,Romance
dense_clip_xlmr_large,XLM-R large + ViT-H/14,person,eu,Basque,True,0.22429625896294708,0.447985347985348,1.0,1.0,0.13049656882375005,0.09070207744753499,0.04643818314533338,0.30535856669297357,0.3368046618643261,0.13845712570917038,0.1507921799307778,0.0826371352942217,0.0908792373679933,1.0928316406150407,22.066666666666666,21.63809523809524,21.505995592723988,210.0,Isolate
dense_clip_xlmr_large,XLM-R large + ViT-H/14,person,fr,French,False,0.5700360360536499,0.8694264807933872,1.0,1.0,0.4686349470919041,0.40206415106558224,0.28372544395895877,0.8803013378124801,0.896842741682416,0.13845712570917038,0.12821983528279124,0.0826371352942217,0.07019210557142894,0.9275204013055659,22.066666666666666,25.004761904761907,12.301448280636599,210.0,Romance
dense_clip_xlmr_large,XLM-R large + ViT-H/14,person,it,Italian,False,0.5397141550905361,0.8616533712874773,1.0,1.0,0.4401882679646773,0.3788808487249329,0.27515182387240195,0.8547546826035421,0.8770425952616192,0.13845712570917038,0.13594391377908843,0.0826371352942217,0.0829343872056121,0.9836039270030437,22.066666666666666,23.19047619047619,12.67187399016348,210.0,Romance
dense_clip_xlmr_large,XLM-R large + ViT-H/14,person,lb,Luxembourgish,True,0.34628403636140326,0.79129887135998,1.0,1.0,0.22215369865862009,0.1614713116019032,0.07881890751516045,0.5985039306579836,0.647199332572165,0.13845712570917038,0.1380953807206381,0.0826371352942217,0.08745231110425222,1.0006567421426196,22.066666666666666,21.914285714285715,19.194789853317385,210.0,Germanic
dense_clip_xlmr_large,XLM-R large + ViT-H/14,person,pt,Portuguese,False,0.5028599512377696,0.8365856969742248,1.0,1.0,0.4034855866951965,0.34335128988932273,0.24481690897254116,0.8170931978943291,0.8453289625190553,0.13845712570917038,0.13527981500540462,0.0826371352942217,0.07682580562929313,0.9782747890542512,22.066666666666666,24.35238095238095,13.354273047083803,210.0,Romance
dense_clip_xlmr_large,XLM-R large + ViT-H/14,person,ru,Russian,False,0.42396118352022877,0.8623249299719888,1.0,1.0,0.3134967964916842,0.24989061377580393,0.16004410306260144,0.7182238016205225,0.7600330108687992,0.13845712570917038,0.12668782681936308,0.0826371352942217,0.07206388280860015,0.9173391109894854,22.066666666666666,24.938095238095237,15.01034220115127,210.0,Slavic
dense_clip_xlmr_large,XLM-R large + ViT-H/14,person,zh-CN,Chinese (Simp.),False,0.4148972381648258,0.7842537920145434,1.0,1.0,0.28750713052921945,0.21508119399088757,0.12196506278709678,0.7527001384909581,0.7910939537343524,0.13845712570917038,0.1379511012917473,0.0826371352942217,0.07084558464231945,0.9991195191532868,22.066666666666666,26.285714285714285,15.1293446794776,210.0,Sinitic
dense_clip_xlmr_large,XLM-R large + ViT-H/14,person,zh-TW,Chinese (Trad.),False,0.3560945196663665,0.5690301378752726,1.0,1.0,0.23663887891446236,0.17215642790824467,0.0858703991386609,0.6306112460216439,0.6727808779194242,0.13845712570917038,0.1470795943268708,0.0826371352942217,0.08357082183162372,1.0659656815522052,22.066666666666666,25.18095238095238,16.940284534648868,210.0,Sinitic
dense_clip_xlmr_large,XLM-R large + ViT-H/14,pedestrian,ar,Arabic,True,0.4423306931840006,0.06548922467675837,0.7221105730427764,1.0,0.3626918950122344,0.30193240017511425,0.16711122282076676,0.7313935055897829,0.7555549227056049,0.19006580930380595,0.15927009958596455,0.1109465235755557,0.10449913087345306,0.843058848568825,20.580952380952382,19.266666666666666,17.05335418265153,210.0,Semitic
dense_clip_xlmr_large,XLM-R large + ViT-H/14,pedestrian,ca,Catalan,False,0.44686835884724996,0.1443204650958959,0.7428571428571429,1.0,0.44658901685691343,0.40296920006945475,0.2335210053010519,0.6481889101743226,0.6632989757117771,0.19006580930380595,0.16638225011882327,0.1109465235755557,0.10511594663063685,0.8810665464082401,20.580952380952382,22.442857142857143,15.869355239968485,210.0,Romance
dense_clip_xlmr_large,XLM-R large + ViT-H/14,pedestrian,de,German,False,0.6110455253893138,0.10510879624626343,0.7440671350507416,1.0,0.5901985904464824,0.536474894667378,0.36805914383335825,0.9122126878758853,0.9207605824584053,0.19006580930380595,0.16508054648126874,0.1109465235755557,0.08808595726177806,0.8707600143136373,20.580952380952382,21.733333333333334,11.545011177262058,210.0,Germanic
dense_clip_xlmr_large,XLM-R large + ViT-H/14,pedestrian,en,English,False,1.0,1.0,1.0,1.0,1.0,1.0,1.0,1.0,0.9999999596959068,0.19006580930380595,0.19006580930380595,0.1109465235755557,0.1109465235755557,1.0,20.580952380952382,20.580952380952382,0.0,210.0,Germanic
dense_clip_xlmr_large,XLM-R large + ViT-H/14,pedestrian,es,Spanish,False,0.6763779224034121,0.2899827709543455,0.7449194511527786,1.0,0.6819588153283587,0.6237429688352758,0.42924917143084507,0.942073184344443,0.9495066327708108,0.19006580930380595,0.17568747933421816,0.1109465235755557,0.09494557022338822,0.9260796602733942,20.580952380952382,22.28095238095238,10.384814020293717,210.0,Romance
dense_clip_xlmr_large,XLM-R large + ViT-H/14,pedestrian,eu,Basque,True,0.12711579443484236,0.0004840483241625253,0.7428571428571429,1.0,0.039754845855746186,0.019386301320856794,0.004421903241689649,0.07708459772028085,0.08302903463620515,0.19006580930380595,0.1426612587202163,0.1109465235755557,0.08286794196991694,0.7550196286385549,20.580952380952382,22.357142857142858,24.046154972595104,210.0,Isolate
dense_clip_xlmr_large,XLM-R large + ViT-H/14,pedestrian,fr,French,False,0.5957180007577512,0.1481552568137298,0.7449353291672721,1.0,0.5979712229929006,0.5426741504717791,0.3598180326048993,0.8678231093058002,0.8769791844345275,0.19006580930380595,0.16781528301182247,0.1109465235755557,0.09140830582806042,0.8860066007177011,20.580952380952382,22.933333333333334,11.812139924618707,210.0,Romance
dense_clip_xlmr_large,XLM-R large + ViT-H/14,pedestrian,it,Italian,False,0.5782751300388066,0.1662740470449834,0.7429937548790008,1.0,0.5935802462099977,0.5487924910487205,0.3770578907584005,0.8471039552567684,0.855746366864159,0.19006580930380595,0.16695921002399353,0.1109465235755557,0.09154594572527068,0.8821918352371887,20.580952380952382,22.9,12.054594177372573,210.0,Romance
dense_clip_xlmr_large,XLM-R large + ViT-H/14,pedestrian,lb,Luxembourgish,True,0.47824139035751595,0.011799885208230217,0.7428571428571429,1.0,0.396583532323577,0.3306573530723365,0.18108888663069198,0.7740687955802168,0.7774823095117297,0.19006580930380595,0.15085303006427628,0.1109465235755557,0.08200206767235484,0.7974485906179941,20.580952380952382,21.585714285714285,15.953376207186047,210.0,Germanic
dense_clip_xlmr_large,XLM-R large + ViT-H/14,pedestrian,pt,Portuguese,False,0.665197282666784,0.3354236362211132,0.738265677414701,1.0,0.6556969954899202,0.587268562748817,0.38564443135209503,0.9322803063740401,0.940389443011511,0.19006580930380595,0.1763316055848485,0.1109465235755557,0.10150863127339455,0.9295946056901115,20.580952380952382,20.847619047619048,10.652566345411266,210.0,Romance
dense_clip_xlmr_large,XLM-R large + ViT-H/14,pedestrian,ru,Russian,False,0.642106886911967,0.2778965439857404,0.7396636726562187,1.0,0.6004559617431543,0.5225048254949249,0.3253160999542252,0.9303181030341112,0.9347715732597169,0.19006580930380595,0.17271293770699275,0.1109465235755557,0.08864874612717401,0.9115333424086105,20.580952380952382,20.909523809523808,11.897574006189345,210.0,Slavic
dense_clip_xlmr_large,XLM-R large + ViT-H/14,pedestrian,zh-CN,Chinese (Simp.),False,0.4404584785499429,0.008459166159442222,0.7429449648711944,1.0,0.4568238860719279,0.4164377001585222,0.2763960885593111,0.7585896252649971,0.7747217995779855,0.19006580930380595,0.14424960120093255,0.1109465235755557,0.06422034000002202,0.7610138088358721,20.580952380952382,27.142857142857142,13.394435656478086,210.0,Sinitic
dense_clip_xlmr_large,XLM-R large + ViT-H/14,pedestrian,zh-TW,Chinese (Trad.),False,0.4675389163941341,0.02426621381543364,0.7428961748633881,1.0,0.4450945601533214,0.3910096867756759,0.24954343755561575,0.7817250915413584,0.7965534204528445,0.19006580930380595,0.15415805677572886,0.1109465235755557,0.08010607697069645,0.8136963846890234,20.580952380952382,24.50952380952381,13.626367312814697,210.0,Sinitic
dense_clip_xlmr_large,XLM-R large + ViT-H/14,traffic_light,ar,Arabic,True,0.6547791976781309,0.47946813174519376,0.43348683184322656,1.0,0.6145923189533072,0.5423691699647507,0.353122194046404,0.9227119216245863,0.9260232488314311,0.20213447631824585,0.1858219021133014,0.11804429651016281,0.10942797685662906,0.9212260160359169,19.99047619047619,18.97142857142857,13.33986515310743,210.0,Semitic
dense_clip_xlmr_large,XLM-R large + ViT-H/14,traffic_light,ca,Catalan,False,0.6431139670596667,0.28824176871567914,0.4550541215490748,1.0,0.6626578488980506,0.6278771751762428,0.4807567805886666,0.9372478786904979,0.9477983224959601,0.20213447631824585,0.18479392308564413,0.11804429651016281,0.09405289796136675,0.9151665734362024,19.99047619047619,23.00952380952381,11.230608504610986,210.0,Romance
dense_clip_xlmr_large,XLM-R large + ViT-H/14,traffic_light,de,German,False,0.634977674803946,0.1370616529415702,0.4512960956873765,1.0,0.6332587893736263,0.593203450482273,0.44857901031888736,0.9105406777685987,0.9194161247639429,0.20213447631824585,0.1711920494125003,0.11804429651016281,0.08741840911763055,0.8477019654594772,19.99047619047619,22.80952380952381,11.350738294286186,210.0,Germanic
dense_clip_xlmr_large,XLM-R large + ViT-H/14,traffic_light,en,English,False,1.0,1.0,1.0,1.0,1.0,1.0,1.0,1.0,0.9999999596959068,0.20213447631824585,0.20213447631824585,0.11804429651016281,0.11804429651016281,1.0,19.99047619047619,19.99047619047619,0.0,210.0,Germanic
dense_clip_xlmr_large,XLM-R large + ViT-H/14,traffic_light,es,Spanish,False,0.7018017248144413,0.535835803887044,0.4929410381863665,1.0,0.7074163511595009,0.6631952781861636,0.512739432700713,0.9533333202608083,0.9617092251777649,0.20213447631824585,0.19102783898512524,0.11804429651016281,0.10809371666539283,0.9457829457451232,19.99047619047619,20.085714285714285,10.62585316113659,210.0,Romance
dense_clip_xlmr_large,XLM-R large + ViT-H/14,traffic_light,eu,Basque,True,0.6445679989199516,0.4314085386646383,0.4778284722850791,1.0,0.6345309584547606,0.587316911274483,0.43326356789590537,0.9301401730270613,0.9429084329378037,0.20213447631824585,0.185537851637318,0.11804429651016281,0.10600331468241556,0.9189468126115352,19.99047619047619,20.242857142857144,12.185167707796161,210.0,Isolate
dense_clip_xlmr_large,XLM-R large + ViT-H/14,traffic_light,fr,French,False,0.6412169743797399,0.4179151766934674,0.43168730603373007,1.0,0.6175586976077335,0.5446868281296169,0.364711402327995,0.9179390229698835,0.9228023191293081,0.20213447631824585,0.18808815223830086,0.11804429651016281,0.09872203192540578,0.933168108373675,19.99047619047619,20.78095238095238,12.352511965442043,210.0,Romance
dense_clip_xlmr_large,XLM-R large + ViT-H/14,traffic_light,it,Italian,False,0.694338950470879,0.40131420200403867,0.460642684426487,1.0,0.6861266530969444,0.6261893082703797,0.4522446462709775,0.9528765204481672,0.9613067783060528,0.20213447631824585,0.18456994209970748,0.11804429651016281,0.10288507714867592,0.9138424574040129,19.99047619047619,20.080952380952382,10.952386577578848,210.0,Romance
dense_clip_xlmr_large,XLM-R large + ViT-H/14,traffic_light,lb,Luxembourgish,True,0.27614190092638974,0.010375509258880285,0.44761904761904764,1.0,0.17656676409945726,0.12449171884129447,0.04752991437870013,0.37036227606667305,0.37015341117623307,0.20213447631824585,0.15766715762161074,0.11804429651016281,0.10247304233766738,0.7846176918303285,19.99047619047619,20.942857142857143,21.06709814882412,210.0,Germanic
dense_clip_xlmr_large,XLM-R large + ViT-H/14,traffic_light,pt,Portuguese,False,0.686023920698166,0.5378206655723033,0.49059501563741564,1.0,0.679002219829207,0.6351416499545014,0.4755887252102545,0.9495304868145191,0.9581478371506645,0.20213447631824585,0.19112359079576674,0.11804429651016281,0.1103169152424449,0.9461483464331122,19.99047619047619,20.195238095238096,10.945659138075492,210.0,Romance
dense_clip_xlmr_large,XLM-R large + ViT-H/14,traffic_light,ru,Russian,False,0.6623458380691007,0.32753150944539844,0.4656914590750915,1.0,0.6494730585084916,0.5974590987498382,0.4487143080941056,0.9402401250511121,0.9495770914213998,0.20213447631824585,0.18165048339537213,0.11804429651016281,0.09895625306027277,0.899220252459339,19.99047619047619,20.38095238095238,11.725710286322382,210.0,Slavic
dense_clip_xlmr_large,XLM-R large + ViT-H/14,traffic_light,zh-CN,Chinese (Simp.),False,0.6624945986743639,0.5638278544851986,0.46179361614431375,1.0,0.6605780403722414,0.6229463570618231,0.47779001919532527,0.9432894713686191,0.9498920071692694,0.20213447631824585,0.20255572973262695,0.11804429651016281,0.1041299598912398,1.0040628941366723,19.99047619047619,22.99047619047619,11.005444437670624,210.0,Sinitic
dense_clip_xlmr_large,XLM-R large + ViT-H/14,traffic_light,zh-TW,Chinese (Trad.),False,0.6669682323983464,0.6035319774261397,0.5339275358244413,1.0,0.6616994068721408,0.6283648834338941,0.4914209924016901,0.9389901493541488,0.9484572458834876,0.20213447631824585,0.19964404191289628,0.11804429651016281,0.11003973001525516,0.9887837199191556,19.99047619047619,21.2,11.32263977525646,210.0,Sinitic
dense_clip_xlmr_large,XLM-R large + ViT-H/14,traffic_sign,ar,Arabic,True,0.5793513137321995,0.42873578863208867,0.5350650669200196,1.0,0.4697590598141581,0.38851065273408925,0.2346841978803876,0.8819928211410639,0.8968683784916287,0.19824408512739908,0.18492675799699057,0.117533749909628,0.11957080321652548,0.9350892757656446,20.966666666666665,19.047619047619047,14.94411576339482,210.0,Semitic
dense_clip_xlmr_large,XLM-R large + ViT-H/14,traffic_sign,ca,Catalan,False,0.683725827058227,0.3376854912777032,0.5713855366460728,1.0,0.6612133540535272,0.6142718913692313,0.4683638179411979,0.9469982259928331,0.9554158593927111,0.19824408512739908,0.17954994936784108,0.117533749909628,0.10167701105986322,0.9065916575727694,20.966666666666665,21.176190476190477,10.40253394811366,210.0,Romance
dense_clip_xlmr_large,XLM-R large + ViT-H/14,traffic_sign,de,German,False,0.705421396273774,0.34231510260820747,0.57413148172468,1.0,0.6789621658631014,0.6316188098786665,0.5005161382116471,0.9578363492190012,0.9625596560183025,0.19824408512739908,0.1791501944263776,0.117533749909628,0.09891407017906508,0.9048228346390288,20.966666666666665,21.857142857142858,9.862313069479006,210.0,Germanic
dense_clip_xlmr_large,XLM-R large + ViT-H/14,traffic_sign,en,English,False,1.0,1.0,1.0,1.0,1.0,1.0,1.0,1.0,0.999999969062351,0.19824408512739908,0.19824408512739908,0.117533749909628,0.117533749909628,1.0,20.966666666666665,20.966666666666665,0.0,210.0,Germanic
dense_clip_xlmr_large,XLM-R large + ViT-H/14,traffic_sign,es,Spanish,False,0.7509048315973536,0.6088453756035409,0.5870744597959996,1.0,0.7377277205162427,0.6842417499965512,0.5340716139966007,0.9725545528083214,0.9770097823370071,0.19824408512739908,0.18749858914386658,0.117533749909628,0.11114200311047691,0.9467100779927226,20.966666666666665,20.642857142857142,9.137815176176963,210.0,Romance
dense_clip_xlmr_large,XLM-R large + ViT-H/14,traffic_sign,eu,Basque,True,0.5690948677780094,0.43515569551189737,0.4685550949264067,1.0,0.5297962161421214,0.4540687734839676,0.2514194349043471,0.8618799380130543,0.871840861297789,0.19824408512739908,0.18964760218347823,0.117533749909628,0.10854004756325768,0.9593495261360316,20.966666666666665,19.123809523809523,14.927711253524718,210.0,Isolate
dense_clip_xlmr_large,XLM-R large + ViT-H/14,traffic_sign,fr,French,False,0.633066162311313,0.1989494320419607,0.5726411420350702,1.0,0.5684283224440957,0.5084468405823108,0.37134989057355605,0.9225905331331462,0.9356508357184273,0.19824408512739908,0.1717329925014859,0.117533749909628,0.1037532382777759,0.8676540373968131,20.966666666666665,21.166666666666668,11.794950431508846,210.0,Romance
dense_clip_xlmr_large,XLM-R large + ViT-H/14,traffic_sign,it,Italian,False,0.6324065698053393,0.334828489615917,0.5680728818658137,1.0,0.522163263000369,0.428932813983219,0.27134385852254617,0.9246427733412662,0.9343192764690944,0.19824408512739908,0.17865179301727385,0.117533749909628,0.10578262614352363,0.9025627007468726,20.966666666666665,20.166666666666668,12.705517557999949,210.0,Romance
dense_clip_xlmr_large,XLM-R large + ViT-H/14,traffic_sign,lb,Luxembourgish,True,0.16243828185885098,4.2650580148085e-05,0.5666666666666667,1.0,0.07258730699318089,0.042016153609189234,0.015206545308155659,0.09268826703809369,0.09890805108783146,0.19824408512739908,0.13144359961152077,0.117533749909628,0.07505843227817899,0.6656770308207,20.966666666666665,22.571428571428573,22.295871957184907,210.0,Germanic
dense_clip_xlmr_large,XLM-R large + ViT-H/14,traffic_sign,pt,Portuguese,False,0.7186940662960096,0.6848071620103118,0.5827360766900745,1.0,0.6994089111528148,0.6451806076776038,0.4844717684798729,0.9593045264813561,0.965942427941731,0.19824408512739908,0.19146948768979027,0.117533749909628,0.11873947580655415,0.9673401600100127,20.966666666666665,19.8,10.31064110331944,210.0,Romance
dense_clip_xlmr_large,XLM-R large + ViT-H/14,traffic_sign,ru,Russian,False,0.6563297288085725,0.33729650840485875,0.5620201659585221,1.0,0.5908909244672607,0.5222126692574817,0.3735479995669436,0.9371209768657133,0.9469247131120591,0.19824408512739908,0.1759273424744606,0.117533749909628,0.10643221789172717,0.8893897165411775,20.966666666666665,19.461904761904762,12.148831298572391,210.0,Slavic
dense_clip_xlmr_large,XLM-R large + ViT-H/14,traffic_sign,zh-CN,Chinese (Simp.),False,0.6849342296088984,0.5945155237527214,0.5807243967349469,1.0,0.6410430626601645,0.5895617863829314,0.44933992832290637,0.9469881052016974,0.9530176659425099,0.19824408512739908,0.1899010133175623,0.117533749909628,0.1147730416840031,0.9588920289037143,20.966666666666665,20.685714285714287,10.72275915419308,210.0,Sinitic
dense_clip_xlmr_large,XLM-R large + ViT-H/14,traffic_sign,zh-TW,Chinese (Trad.),False,0.6645610418928488,0.44432555773993937,0.5725338109902892,1.0,0.5917926272388625,0.5210579284698992,0.3580061961488651,0.9384562093974567,0.9463816160247439,0.19824408512739908,0.1847406683223588,0.117533749909628,0.10899282367456527,0.9327637810513122,20.966666666666665,20.585714285714285,11.41009690125674,210.0,Sinitic
dense_clip_xlmr_large,XLM-R large + ViT-H/14,bicycle,ar,Arabic,True,0.4582574719086519,0.663811261360198,0.9952380952380953,1.0,0.3841610936028108,0.3233388482325431,0.22445805026537521,0.7498792224408496,0.7803641202903929,0.13824278094938824,0.14617514599646841,0.07666668405845052,0.09436302820131892,1.061528613802067,25.042857142857144,21.176190476190477,14.269381291879094,210.0,Semitic
dense_clip_xlmr_large,XLM-R large + ViT-H/14,bicycle,ca,Catalan,False,0.5491277934824259,0.47609014870450694,1.0,1.0,0.4963415127730692,0.4444385841142134,0.3432618650302097,0.8481562223875958,0.8671520624841963,0.13824278094938824,0.15205401387952622,0.07666668405845052,0.09833725889523824,1.1021984918328651,25.042857142857144,21.090476190476192,12.232940681955144,210.0,Romance
dense_clip_xlmr_large,XLM-R large + ViT-H/14,bicycle,de,German,False,0.5527936178318973,0.7539668311872194,1.0,1.0,0.4999114808294199,0.4467652938348105,0.33713824773873013,0.8476213757663337,0.8683366679009937,0.13824278094938824,0.14355305465204374,0.07666668405845052,0.08719831488671757,1.0407666819612418,25.042857142857144,22.847619047619048,11.509591058509917,210.0,Germanic
dense_clip_xlmr_large,XLM-R large + ViT-H/14,bicycle,en,English,False,1.0,1.0,1.0,1.0,1.0,1.0,1.0,1.0,0.9999999545869374,0.13824278094938824,0.13824278094938824,0.07666668405845052,0.07666668405845052,1.0,25.042857142857144,25.042857142857144,0.0,210.0,Germanic
dense_clip_xlmr_large,XLM-R large + ViT-H/14,bicycle,es,Spanish,False,0.5491277934824259,0.47609014870450694,1.0,1.0,0.4963415127730692,0.4444385841142134,0.3432618650302097,0.8481562223875958,0.8671520624841963,0.13824278094938824,0.15205401387952622,0.07666668405845052,0.09833725889523824,1.1021984918328651,25.042857142857144,21.090476190476192,12.232940681955144,210.0,Romance
dense_clip_xlmr_large,XLM-R large + ViT-H/14,bicycle,eu,Basque,True,0.41893540662083434,0.6249596306933819,1.0,1.0,0.3500039696246189,0.2957236437073364,0.20677714655835147,0.6774169020889887,0.7096367090940475,0.13824278094938824,0.14687292827736764,0.07666668405845052,0.0948329994011493,1.065380440887609,25.042857142857144,19.985714285714284,15.291002279377727,210.0,Isolate
dense_clip_xlmr_large,XLM-R large + ViT-H/14,bicycle,fr,French,False,0.5357585301274538,0.5758211560317752,1.0,1.0,0.4579904068429309,0.38823173533157346,0.26026640243092464,0.8380655246791293,0.8581262946128845,0.13824278094938824,0.14897477484884716,0.07666668405845052,0.09598328386034284,1.0810487448047823,25.042857142857144,21.323809523809523,12.522380757230756,210.0,Romance
dense_clip_xlmr_large,XLM-R large + ViT-H/14,bicycle,it,Italian,False,0.5114700445668152,0.6778199016037342,1.0,1.0,0.4380572029275895,0.37616139713735486,0.2609848834170154,0.8011290804820026,0.8238525228840964,0.13824278094938824,0.1452994352295285,0.07666668405845052,0.09205381501288641,1.0542003906098354,25.042857142857144,22.057142857142857,12.839184161217458,210.0,Romance
dense_clip_xlmr_large,XLM-R large + ViT-H/14,bicycle,lb,Luxembourgish,True,0.4418316912485232,0.5646287641763035,1.0,1.0,0.3558344547508824,0.2940971782487824,0.1869595345981396,0.7263766983759421,0.7554480345476241,0.13824278094938824,0.14893640567149435,0.07666668405845052,0.09239522286114238,1.0809194123590244,25.042857142857144,22.2,14.566008480777722,210.0,Germanic
dense_clip_xlmr_large,XLM-R large + ViT-H/14,bicycle,pt,Portuguese,False,0.5392880277457703,0.6030082351980129,1.0,1.0,0.4657895234483939,0.40685277189814734,0.2969949116003712,0.846897412211349,0.8657592390264783,0.13824278094938824,0.14817231645186743,0.07666668405845052,0.09234736905921073,1.0742337883339805,25.042857142857144,21.676190476190477,12.468414896581665,210.0,Romance
dense_clip_xlmr_large,XLM-R large + ViT-H/14,bicycle,ru,Russian,False,0.47646423331765486,0.6898372834847208,1.0,1.0,0.40576532004135896,0.34565092699053884,0.23895164105169964,0.7604455590233347,0.789947528782345,0.13824278094938824,0.1458805613929317,0.07666668405845052,0.09567585335600944,1.0593949539061625,25.042857142857144,20.004761904761907,14.38142256891897,210.0,Slavic
dense_clip_xlmr_large,XLM-R large + ViT-H/14,bicycle,zh-CN,Chinese (Simp.),False,0.5393487365375416,0.4444796226386061,1.0,1.0,0.47686933571856205,0.4273736285945687,0.33814025917483054,0.8417440254806482,0.8621223316306159,0.13824278094938824,0.15216806459994542,0.07666668405845052,0.09305705825487773,1.102930495472576,25.042857142857144,22.923809523809524,12.022051934988767,210.0,Sinitic
dense_clip_xlmr_large,XLM-R large + ViT-H/14,bicycle,zh-TW,Chinese (Trad.),False,0.5268700882875775,0.6856369842998224,1.0,1.0,0.4682917499711535,0.4112369761735795,0.3193598268393419,0.8245766254810557,0.8470132796537309,0.13824278094938824,0.14598410654635657,0.07666668405845052,0.08422349638172559,1.0585785463620077,25.042857142857144,23.866666666666667,11.892421393075429,210.0,Sinitic
dense_clip_xlmr_large,XLM-R large + ViT-H/14,motorcycle,ar,Arabic,True,0.5480482867962939,0.15043165007137926,0.9952380952380953,1.0,0.4352785485581317,0.36309218091807366,0.24095529827967418,0.8267510214995698,0.8414617598056793,0.1618241439972605,0.15326885212035407,0.1038339084102994,0.09958488203230359,0.9486488622145146,20.48095238095238,19.952380952380953,15.254740744052084,210.0,Semitic
dense_clip_xlmr_large,XLM-R large + ViT-H/14,motorcycle,ca,Catalan,False,0.6212136194192868,0.22096474079391948,1.0,1.0,0.5195936709844056,0.45196749211462545,0.338063739532329,0.8992562952490751,0.9100320191610427,0.1618241439972605,0.16128694053207124,0.1038339084102994,0.10920859536244756,0.9985708471433863,20.48095238095238,19.571428571428573,13.234665829549712,210.0,Romance
dense_clip_xlmr_large,XLM-R large + ViT-H/14,motorcycle,de,German,False,0.6049819218675754,0.167756199191984,1.0,1.0,0.5046104808800561,0.4314536575230427,0.3112385133596463,0.8864320173454431,0.8962414676234836,0.1618241439972605,0.15157234413283213,0.1038339084102994,0.09583141707948276,0.9382800511488092,20.48095238095238,20.4,13.751648841101565,210.0,Germanic
dense_clip_xlmr_large,XLM-R large + ViT-H/14,motorcycle,en,English,False,1.0,1.0,1.0,1.0,1.0,1.0,1.0,1.0,0.9999999608312334,0.1618241439972605,0.1618241439972605,0.1038339084102994,0.1038339084102994,1.0,20.48095238095238,20.48095238095238,0.0,210.0,Germanic
dense_clip_xlmr_large,XLM-R large + ViT-H/14,motorcycle,es,Spanish,False,0.6212136194192868,0.22096474079391948,1.0,1.0,0.5195936709844056,0.45196749211462545,0.338063739532329,0.8992562952490751,0.9100320191610427,0.1618241439972605,0.16128694053207124,0.1038339084102994,0.10920859536244756,0.9985708471433863,20.48095238095238,19.571428571428573,13.234665829549712,210.0,Romance
dense_clip_xlmr_large,XLM-R large + ViT-H/14,motorcycle,eu,Basque,True,0.4998603316360961,0.13271006097337854,0.9952380952380953,1.0,0.3896246014867663,0.3214771127398965,0.2029285676610418,0.7780771187100521,0.7967139346258981,0.1618241439972605,0.15659295966227849,0.1038339084102994,0.09902779073232697,0.9698687556133404,20.48095238095238,21.652380952380952,15.737952271152984,210.0,Isolate
dense_clip_xlmr_large,XLM-R large + ViT-H/14,motorcycle,fr,French,False,0.5876555699294147,0.15750196049014048,1.0,1.0,0.459031091062114,0.38211641954952225,0.2610720509035321,0.8835371329161354,0.8947470304511842,0.1618241439972605,0.15576633356866382,0.1038339084102994,0.10219330890547662,0.9646365629661511,20.48095238095238,19.347619047619048,14.5262257320189,210.0,Romance
dense_clip_xlmr_large,XLM-R large + ViT-H/14,motorcycle,it,Italian,False,0.5642623077613694,0.17154205212364038,1.0,1.0,0.44290587730517333,0.3665258657083412,0.25861186754345805,0.8516899965823505,0.8623874604701995,0.1618241439972605,0.15840200497990564,0.1038339084102994,0.1036114792738642,0.980611327608459,20.48095238095238,20.02857142857143,14.849788226128242,210.0,Romance
dense_clip_xlmr_large,XLM-R large + ViT-H/14,motorcycle,lb,Luxembourgish,True,0.5022988115840192,0.13869719756009605,0.9952380952380953,1.0,0.3772538134836793,0.30522170775829355,0.19966508893157048,0.7920091947330475,0.8129142888954708,0.1618241439972605,0.1637482947536877,0.1038339084102994,0.11010288865793319,1.0140043681522315,20.48095238095238,19.523809523809526,16.84429800715426,210.0,Germanic
dense_clip_xlmr_large,XLM-R large + ViT-H/14,motorcycle,pt,Portuguese,False,0.5782630936827896,0.17310837109190888,1.0,1.0,0.46866639678853333,0.4025166558209876,0.29223972346774163,0.8682236708188119,0.882909030289877,0.1618241439972605,0.1574439383688427,0.1038339084102994,0.10308112154404322,0.9749395984959238,20.48095238095238,20.29047619047619,13.983120903908071,210.0,Romance
dense_clip_xlmr_large,XLM-R large + ViT-H/14,motorcycle,ru,Russian,False,0.45288912843510754,0.11039280143764305,1.0,1.0,0.3392689714794392,0.2724435791937826,0.16591484516229196,0.717992748823983,0.7460450171005159,0.1618241439972605,0.15463267316420873,0.1038339084102994,0.10196602489976656,0.9576643168049322,20.48095238095238,19.00952380952381,17.898817165197613,210.0,Slavic
dense_clip_xlmr_large,XLM-R large + ViT-H/14,motorcycle,zh-CN,Chinese (Simp.),False,0.5648840351149563,0.1709201346299157,0.9952380952380953,1.0,0.44854658852135604,0.3753933299888807,0.24858353794934718,0.8580529248655916,0.8699197309357779,0.1618241439972605,0.16190470726717085,0.1038339084102994,0.0987383398626532,1.0018071254142573,20.48095238095238,21.7,13.94605957497266,210.0,Sinitic
dense_clip_xlmr_large,XLM-R large + ViT-H/14,motorcycle,zh-TW,Chinese (Trad.),False,0.5784723174726695,0.1866726724190586,0.9952380952380953,1.0,0.4833378747025417,0.41366182137489466,0.2891102994865337,0.8562326879807681,0.8681007674762181,0.1618241439972605,0.16219781197252728,0.1038339084102994,0.0993544383772782,1.0038629458333266,20.48095238095238,21.6,13.600679800127155,210.0,Sinitic
dense_clip_xlmr_large,XLM-R large + ViT-H/14,road,ar,Arabic,True,0.6708268515900464,0.34796966691051395,0.724347390796547,1.0,0.6002065970979766,0.5251496155077597,0.39104566073059843,0.940981726694288,0.952094183365504,0.19136184673933757,0.17928044405721483,0.11916732156560535,0.10271108065332685,0.9369454851469554,18.676190476190477,19.242857142857144,12.537742286435158,210.0,Semitic
dense_clip_xlmr_large,XLM-R large + ViT-H/14,road,ca,Catalan,False,0.7267931127878141,0.5439412361805077,0.7297764926924786,1.0,0.6707576997500434,0.5975549175353533,0.42047257673836025,0.9605898067706833,0.9667489522979373,0.19136184673933757,0.18458510644379117,0.11916732156560535,0.11140961629294213,0.9648275749045686,18.676190476190477,18.771428571428572,10.933033103036914,210.0,Romance
dense_clip_xlmr_large,XLM-R large + ViT-H/14,road,de,German,False,0.6142460737404449,0.47248645276567613,0.7159539430320708,1.0,0.5527312498490464,0.48848033721842593,0.3440884520637866,0.8918301696436842,0.9068202651682354,0.19136184673933757,0.18749160575015203,0.11916732156560535,0.11085718057694889,0.9818347863436319,18.676190476190477,18.32857142857143,13.94873061554048,210.0,Germanic
dense_clip_xlmr_large,XLM-R large + ViT-H/14,road,en,English,False,1.0,1.0,1.0,1.0,1.0,1.0,1.0,1.0,0.9999999608312334,0.19136184673933757,0.19136184673933757,0.11916732156560535,0.11916732156560535,1.0,18.676190476190477,18.676190476190477,0.0,210.0,Germanic
dense_clip_xlmr_large,XLM-R large + ViT-H/14,road,es,Spanish,False,0.7267931127878141,0.5439412361805077,0.7297764926924786,1.0,0.6707576997500434,0.5975549175353533,0.42047257673836025,0.9605898067706833,0.9667489522979373,0.19136184673933757,0.18458510644379117,0.11916732156560535,0.11140961629294213,0.9648275749045686,18.676190476190477,18.771428571428572,10.933033103036914,210.0,Romance
dense_clip_xlmr_large,XLM-R large + ViT-H/14,road,eu,Basque,True,0.19428444226615996,0.000250834793066309,0.7428571428571429,1.0,0.11539070282641917,0.08040853978767058,0.032423179146076786,0.13481237478552044,0.13335063002027925,0.19136184673933757,0.13770606886772882,0.11916732156560535,0.0896882288867519,0.7223244541794713,18.676190476190477,21.70952380952381,23.250868115896758,210.0,Isolate
dense_clip_xlmr_large,XLM-R large + ViT-H/14,road,fr,French,False,0.7216165866327406,0.5235730903928054,0.7476707092432815,1.0,0.6429983482966671,0.5577109663815375,0.38372150129994104,0.9622457690137777,0.9698188690912156,0.19136184673933757,0.1827695830946877,0.11916732156560535,0.11058715376115981,0.9557390523921356,18.676190476190477,18.60952380952381,11.19232926129281,210.0,Romance
dense_clip_xlmr_large,XLM-R large + ViT-H/14,road,it,Italian,False,0.6777391028183836,0.5423405590668848,0.7157875699202274,1.0,0.6229662780391342,0.5454339650073072,0.37524260823527117,0.9349540321003874,0.9453254512378148,0.19136184673933757,0.18942931656326567,0.11916732156560535,0.10875976628490856,0.9906928901307754,18.676190476190477,19.552380952380954,12.219569890043047,210.0,Romance
dense_clip_xlmr_large,XLM-R large + ViT-H/14,road,lb,Luxembourgish,True,0.14702957959398116,2.5201519469347998e-05,0.7428571428571429,1.0,0.06065568847723783,0.031087848934778867,0.010338144747237972,0.04163727349963625,0.03875050094156038,0.19136184673933757,0.1260352065520627,0.11916732156560535,0.06734645739197731,0.6617820304131954,18.676190476190477,25.47142857142857,23.684886530215934,210.0,Germanic
dense_clip_xlmr_large,XLM-R large + ViT-H/14,road,pt,Portuguese,False,0.7012459535850722,0.3925570012892809,0.7538077903575074,1.0,0.6334771205446574,0.5585205193494887,0.3962881876143475,0.9532887806341367,0.9615607548327673,0.19136184673933757,0.17981422259694055,0.11916732156560535,0.10694253888158571,0.940114019390321,18.676190476190477,19.438095238095237,11.717944848820462,210.0,Romance
dense_clip_xlmr_large,XLM-R large + ViT-H/14,road,ru,Russian,False,0.6736077476618507,0.263511387120612,0.7467775772077505,1.0,0.613384944275025,0.5426232933198669,0.3829949642181271,0.9469328462800165,0.9572352548440297,0.19136184673933757,0.17409831838948386,0.11916732156560535,0.0949995420163586,0.9096681691989545,18.676190476190477,20.28095238095238,12.031911027233765,210.0,Slavic
dense_clip_xlmr_large,XLM-R large + ViT-H/14,road,zh-CN,Chinese (Simp.),False,0.6271546009507756,0.4022470037492714,0.7502810098199373,1.0,0.5862235545903534,0.5362701148963879,0.40061245710856647,0.9241181184643907,0.9402593981652033,0.19136184673933757,0.18657589008410772,0.11916732156560535,0.10153245446937424,0.975873112943258,18.676190476190477,22.5,12.270362565831663,210.0,Sinitic
dense_clip_xlmr_large,XLM-R large + ViT-H/14,road,zh-TW,Chinese (Trad.),False,0.6467810917486857,0.4754005582677022,0.7438085702960349,1.0,0.6102310941549255,0.5559621803167627,0.4178736617019182,0.9256526167826201,0.9395273015612647,0.19136184673933757,0.1890450433606193,0.11916732156560535,0.10222672891049157,0.9883850359186439,18.676190476190477,21.89047619047619,11.775496463400989,210.0,Sinitic
dense_clip_xlmr_large,XLM-R large + ViT-H/14,building,ar,Arabic,True,0.5597698216989768,0.1753684539983504,1.0,1.0,0.48151273847583936,0.4245727984280134,0.3120494182486151,0.8554885287953025,0.8790973206361135,0.1661978366119521,0.15498258301189968,0.11122513860464096,0.09923978689171019,0.933856629281901,20.00952380952381,20.295238095238094,14.002898591921747,210.0,Semitic
dense_clip_xlmr_large,XLM-R large + ViT-H/14,building,ca,Catalan,False,0.5699883788967391,0.21937374171086618,1.0,1.0,0.49498006739348827,0.44052978433309026,0.33871537086945747,0.8727601500023998,0.8965638938404265,0.1661978366119521,0.15666613912298566,0.11122513860464096,0.09992415014477003,0.9432114091538768,20.00952380952381,21.076190476190476,13.41573760257008,210.0,Romance
dense_clip_xlmr_large,XLM-R large + ViT-H/14,building,de,German,False,0.5707976742599583,0.1396529718488995,1.0,1.0,0.48031660452974856,0.41997140201543576,0.3042534050005712,0.8750850793822391,0.8951312002681551,0.1661978366119521,0.14987273155933334,0.11122513860464096,0.09334704428911209,0.9022493982316068,20.00952380952381,21.3,13.224860793203986,210.0,Germanic
dense_clip_xlmr_large,XLM-R large + ViT-H/14,building,en,English,False,1.0,1.0,1.0,1.0,1.0,1.0,1.0,1.0,0.999999965088708,0.1661978366119521,0.1661978366119521,0.11122513860464096,0.11122513860464096,1.0,20.00952380952381,20.00952380952381,0.0,210.0,Germanic
dense_clip_xlmr_large,XLM-R large + ViT-H/14,building,es,Spanish,False,0.6164855794899541,0.31390267501249863,1.0,1.0,0.5512162646290297,0.4960544497983698,0.38767931478470585,0.8937999162312719,0.9115600830032712,0.1661978366119521,0.1608310381571452,0.11122513860464096,0.10217694210864249,0.9681844492735229,20.00952380952381,19.961904761904762,12.329127031432867,210.0,Romance
dense_clip_xlmr_large,XLM-R large + ViT-H/14,building,eu,Basque,True,0.46526896745834445,0.10944177964048221,1.0,1.0,0.35435012011529704,0.2876238952381257,0.18665214736481245,0.7857811204195019,0.81830526022684,0.1661978366119521,0.14228799421162833,0.11122513860464096,0.08320691161567256,0.8571969065877576,20.00952380952381,22.409523809523808,15.778942799781912,210.0,Isolate
dense_clip_xlmr_large,XLM-R large + ViT-H/14,building,fr,French,False,0.5968241893449523,0.17531061282778237,1.0,1.0,0.5222025774074246,0.46782252604966434,0.3605004899828457,0.8903950421810641,0.9105687070460546,0.1661978366119521,0.15340690761804582,0.11122513860464096,0.09649487659335136,0.9236048356658623,20.00952380952381,21.85238095238095,12.645459581732219,210.0,Romance
dense_clip_xlmr_large,XLM-R large + ViT-H/14,building,it,Italian,False,0.6164855794899541,0.31390267501249863,1.0,1.0,0.5512162646290297,0.4960544497983698,0.38767931478470585,0.8937999162312719,0.9115600830032712,0.1661978366119521,0.1608310381571452,0.11122513860464096,0.10217694210864249,0.9681844492735229,20.00952380952381,19.961904761904762,12.329127031432867,210.0,Romance
dense_clip_xlmr_large,XLM-R large + ViT-H/14,building,lb,Luxembourgish,True,0.26760801037457843,0.08843977621359306,1.0,1.0,0.15419628548012965,0.10259297015616187,0.0410686687830973,0.3514525024304094,0.34707086244154545,0.1661978366119521,0.13206218924550783,0.11122513860464096,0.0792883075773716,0.799125392588029,20.00952380952381,21.79047619047619,21.6466586176614,210.0,Germanic
dense_clip_xlmr_large,XLM-R large + ViT-H/14,building,pt,Portuguese,False,0.5928757222841048,0.26157436836638137,1.0,1.0,0.5026649442166904,0.4423481733347001,0.35503002881400597,0.8841602036861879,0.9048859604767391,0.1661978366119521,0.15791345643145696,0.11122513860464096,0.1046943432518414,0.9507594168899245,20.00952380952381,19.623809523809523,13.152272978003985,210.0,Romance
dense_clip_xlmr_large,XLM-R large + ViT-H/14,building,ru,Russian,False,0.5214569753219247,0.11788927057574815,1.0,1.0,0.41325622199050177,0.3517962465792599,0.2527735169769734,0.8309495128115619,0.8584611395994822,0.1661978366119521,0.14595226794481278,0.11122513860464096,0.09328240723836989,0.8790882904514552,20.00952380952381,19.928571428571427,15.146408037471325,210.0,Slavic
dense_clip_xlmr_large,XLM-R large + ViT-H/14,building,zh-CN,Chinese (Simp.),False,0.5217136223322352,0.1901183027514407,1.0,1.0,0.43388279567871224,0.37344412679052286,0.261869547774248,0.837780167391493,0.8608312059016455,0.1661978366119521,0.15962493199677694,0.11122513860464096,0.09412902433957372,0.9616353767660807,20.00952380952381,21.542857142857144,14.485270536329885,210.0,Sinitic
dense_clip_xlmr_large,XLM-R large + ViT-H/14,building,zh-TW,Chinese (Trad.),False,0.5314813752622698,0.15316490045782782,1.0,1.0,0.45316142388961317,0.40267144797128246,0.2992423556844334,0.8572229708637008,0.8797012400059473,0.1661978366119521,0.1520765329755488,0.11122513860464096,0.08560777836967082,0.9157511133694004,20.00952380952381,21.395238095238096,14.12190414423605,210.0,Sinitic
